Song Name,Singer,Album,Year,Featured Artists,Lyrics,Metaphor,interpretation
කැළේ පිපුණු මලක් විලස,අමරදේව W.D.,Amara Gee Sara Vol. 02,unknown,"['W.D. Amaradeva', 'Monika Ruwan Pathirana']","කැළේ පිපුණු මලක් විලස
ඇගෙ රූ සිරි දිලෙනා
ඇලේ දොලේ පෙන පිඬු ඇගෙ
සිනා වතින් සැලෙනා

කැලේ එපිට ඈත රටක
ගව් සිය ගව් දුරිනා
සිදාදියෙන් එ මල සොයා
කවුදෝ එනු ඇසෙනා

සිදාදියේ මන්දිරයක
සඟවාලන ලෙසිනා
දෑස වසා ඇය ගෙන යන
රහස් කතා ඇසෙනා

කැළේ පිපුණු මලක් විලස..

සිදාදියේ මන්දිරයක
බැල මෙහෙවර කරනා
අනාගතය සිහිවී ඇගෙ
නෙත කඳුලැලි සැලෙනා

හදේ නැගෙන ගිණි දැල්ලක්
ඇගෙ රන් බඳ වෙලෙනා
කැළේ පිපුණු සොඳුරු මලට
නැතිදෝ රැකවරණා",කැළේ පිපුණු මලක් විලස,ඈත දුර බැහැර පෙදෙසක ජීවත් වන ලස්සන කාන්තාවක්
කන්ද උඩින් එන,අමරදේව W.D.,Thunkal Gee dahena,unknown,"['W.D. Amaradeva', 'Mahagama Sekara']","කන්ද උඩින් එන කිකිළිය ගෝමරියේ
නළල් වටින් එන දාඩිය මුතු කැටියේ

කන්ද උඩින් එන ගෝමරියේ
ඇයි මට පිටුපා ගෙට යන්නේ
නළලේ දාඩිය මුතුපට පටලා
වළකුලේ සුදු සේලය රැළි ලා
අත පාමුදු පය පාමුදු ලාගෙන
ළමැද ගෝමර මල් ගවසාගෙන
කන්ද උඩින් එන ගෝමරියේ

කන්ද උඩින් සඳවත පායන්නේ
සිනා කිරෙන් සඳ එළිය ගලන්නේ
ලැවුගිනි ගත් හද එයිනි නිවෙන්නේ
රන්තැටියෙන් කිරි දියර දියන්නේ

කඳු පාමුල මිටියාවත වැතිරී
ඔබ එනතුරු මම හිඳිනෙමි තනිවී
ඈත ඉඳන් කඳු මුදුනට නැගලා
මා කැදවන් ඔබ වෙත අත වනලා",සිනා කිරෙන් සඳ එළිය ගලන්නේ,ඔබෙ මුහුණෙන් ලස්සන සිනහවක් හටගනී
ජගන් මෝහිණී මධුර භාෂිණී,අමරදේව W.D.,unknown,unknown,"['W.D. Amaradeva', 'Shri Chandraratne Manawasinghe.']","ජගන් මෝහිණී මධුර භාෂිණී
චාරු දේහිණී කමල වාචිනී
සරස්‌වතී දේවී වන්දේ සරස්‌වතී දේවී

කම්පිත කංචන මලා කූචිත
කිංකිණි නූපුර ජාලා
පාද සරෝජේ කටී තටාකේ
චංචල නර්තන ලීලා

මීන මකර පංකජ රූපාකුල
අංකික කුංකුම රේඛා
පූර්ණ කුම්භ මික පීන පයෝධර
පූරිතාමෘත ධාරා

භාග්‍ය සාධන පුණ්‍ය මුර්ති ධර
සුරපුර වර අභිරූපා
දේහි දේහි වර දායක හස්‌තේ
ශුභ මංගල මුද්‍රා",චාරු දේහිණී කමල වාචිනී,කටකාර ලස්සන කාන්තාව
ඉර හඳ පායන ලෝකේ,අමරදේව W.D.,Amara Gee Sara Vol. 02,unknown,"['W. D. Amaradeva', 'Chandraratne Manawasinghe']","ඉර හඳ පායන ලෝකේ
ආලෝකය අතරේ
සැප දුක සමබර වේ
මේ ජීවන කතරේ //
සැප දුක සමබර වේ

උකුලේ ළමැදේ සමබර උසුලන
ගැමි ලිය යන ගමනේ
මුදු බඳ නැළවෙන සේ
කඳුවැටි ගංගා සාගර එකසේ
පොළොවට සමබර වේ
මේ ජීවන කතරේ //
සැප දුක සමබර වේ

වැඩිවන ආශා මැඬලන වේගේ
ජීවන මඟ කැළමේ
ඒකම රසමුසු වේ
මහ වන වදුලේ වන විල් මතුවේ
පියුම් පිපී නැටවේ
මේ ජීවන කතරේ //
සැප දුක සමබර වේ",මේ ජීවන කතරේ,ජිවීතය දුකින් පිරුණු නිමා නොවෙන දෙයකි
ජගදානන්දන මහා කාරුණික,අමරදේව W.D.,unknown,unknown,"['ඩබ්ලිව්. ඩී. අමරදේව', 'සනත් නන්දසිරි', 'අජන්තා රණසිංහ', 'සනත් නන්දසිරි']","ජගදානන්දන මහා කාරුණික
සිරසවන්දන ශීල ගුණෝපිත
අනූපමේය වූ එවන් නාමයට
නමස්‌කාර වේවා

අහස උසට නැගි සවනක්‌ ඝණරැස්‌
කේතු මාලාවෝ
මොහඳුර විනිවිද තිමිර පටල බිඳ
භවාග්‍රයේ විහිදෙන යාමේ
සවනේ ගෙවා දත් මහා ඥාණයට
නමස්‌කාර වේවා

මහී තලය මත සදා සරණ බඳු
දයා සමුදාවෝ
ගලා බසින සඳ නිවා අග්නි කඳ
පුදා ප්‍රණාමය පා මඬලේ
පාරමී පූරිත විපුල වීර්යට
නමස්‌කාර වේවා",අහස උසට නැගි සවනක්‌ ඝණරැස්‌,ඉතාමත් විශාල බුද්ධ රශ්මි ධාරා
ඉරට මුවාවෙන් ඉඳගෙන,අමරදේව W.D.,unknown,unknown,"['W. D. Amaradeva', 'Mahagamasekara']","ඉරට මුවාවෙන් ඉඳගෙන හිස පීරනවා
සඳට මුවාවෙන් ඉඳගෙන සළු පළඳනවා
දීප චන්ද්‍ර රේඛාවෙන් මුහුණ බලනවා
වළාකුලෙන් අහස්‌ තලෙන් බිමට වඩිනවා

පායන තරු ඇස්‌ ඇරලා බලා සිටිනවා
පීදෙන මල් පෙති විහිදා මුකුළු කරනවා
සුළන් රොදින් ඇදී ඇවිත් ඇඟේ වෙලෙනවා
ගහකොළ හෙලවෙන තාලෙට රහස්‌ කියනවා

මේඝ මැදින් විදුලිය මෙන් නටා දිවෙනවා
සීතල පොද වරුසාවෙන් සුසුම් සළනවා
ඇළ දොළ ගන් ඇද හැලීලා ගිමන් නිවෙනවා
මගේ හදට සදා සතුට ඔබෙන් ලැබෙනවා",මේඝ මැදින් විදුලිය මෙන් නටා දිවෙනවා,කඩිසර ඉක්මනින් වැඩ කටයුතු කරන කාන්තාවක්
මිහිරියේ ගැමි ළඳේ,අමරදේව W.D.,Amara Gee Sara Vol. 03,unknown,"['W.D. Amaradeva', 'Madawala S Ratnayaka']","මිහිරියේ ගැමි ළඳේ
මිහිරියේ ගැමි ළඳේ

කැලේ මල් සුවඳ මුසු මිහිර දෙන නව උදේ
පැන් පුරා කළය ගෙන තබා ඔබ මුදු බඳේ
අහිංසක මුව දෙනක ගුණය රැඳවූ හදේ
උදෑසන මා දකින මිහිරියේ ගැමි ළඳේ

ඔබ මුහුණු දකින් විට නොපිපි වන මල් පිපේ
කියඹු වැල් මා බලා ඔබේ නළලත හැපේ
ඔබ නිසාමයි ළඳේ ගමට මෙපමණ ඔපේ
උදෑසන මුණ ගැසුම පමණි මට ඇති සැපේ

ඔබ දකිනු හැර අනෙක්‌ සම්පතක්‌ මට නැති
මුළු සොබාවික ලොවම දිගැස්‌ යුවළට ගැති
දවස සරුවට ඔබේ එක හිනාවක්‌ ඇති
රැගෙන ආ නව එළිය මගේ ගමට සඳවතී",මුව දෙනක ගුණය රැඳවූ හදේ,අහින්සක හොද ගුනවත් යහපත් හදවතක් ඇති කාන්තාවක්
මුණි සිරිපා සිඹිමින්නේ,අමරදේව W.D.,Amara Gee Sara Vol. 03,unknown,"['S. Mahinda Thero', 'W. D. Amaradeva']","මුණි සිරිපා සිඹිමින්නේ
සමනොළ ගිරි පෙදෙසින්නේ
මඳ සුළඟයි මේ එන්නේ
මගේ පුතා නැලැවෙන්නේ

ජාතික රණ දෙරණ මතේ
ගැටී වැටී මළ මොහොතේ
සුන්දර සුරඹුන් ගෙ අතේ
නැළවෙනෙ බව සිතනු පුතේ
නිදහස්‌ හිරු පායනවා
දෑ බැති මල් පිබිදෙනවා
සිරිලක්‌ මව හිනැහෙනවා
මගේ පුතා නැළවෙනවා

කැප්පෙටිපොළ සෙනවිසුරු
කළ රුපු සෙන් මන් දැදුරු
අවිරු විකුම් පෑ අයුරු
නුඹට පුතේ වෙයි මියුරු
ජාතිය රන් විමනක්‌ වේ ආගම මිණි පහනක්‌ වේ
එය රැකගන්නට මෙලොවේ
සමත් වෙතොත් පුත නුඹවේ",සුරඹුන් ගෙ අතේ,ලස්සන නාගරික කාන්තාවන් මෙහෙයවයි
මින්දද හීසර,අමරදේව W.D.,Amara Gee Sara Vol. 08,unknown,"['W.D. Amaradeva', 'Madawala S Ratnayaka']","මින්දද හීසර වැදී සැළෙන හද
නංවන දුක්‌ ගී ඔබට ඇසෙනවද
නන්දන මල් අතුරා ඇති යහනට
කන්ද කපා පායන් රන් පුන් සඳ

තුරඟෙකු පිට නැගි නීල වලාකුළු
ගුවන් ගැබෙන් ඔබ ඇදෙන වෙලේ
පිබිදුනු දෑසින් බලා හිඳිමි මම
කුසුම් සිනා කැන් හද පුරවා

මෙතුවක්‌ කල් මුව මඬල වසා සිටි
අන්ධකාර සළු පටින් මුදා
නෙත් මිණි පහනින් පහන් කරනු මැන
අනාගතේ මන් පෙත පාදා",නන්දන මල් අතුරා ඇති යහනට,සැප පහසුකම් වලින් පිරි ජීවිතය
නීල කොබෙයි රෑන ඇඳී,අමරදේව W.D.,unknown,unknown,"['W.D. Amaradeva', 'Mahagama Sekara']","නීල කොබෙයි රෑන ඇඳී
වී අහුලන ඉපනැල්ලේ
මාල ගිරවු පේලි ගැසීලා
නව අවුරුදු ගීත ගයනවා

වක්‌කඩ ළඟ දිය සුළියේ
තිත්ත පැටව් කලබලයේ
ඒ තාලෙට වරල් සළාලා
නව අවුරුදු නැටුම් නටනවා

ඔංචිලි චිලි චිල්ල මගේ
වැල්ල දිගට නෙල්ලි කැලේ
ගසුයි වැලුයි මලින් පිරෙනවා
ගම්මානෙට අවුරුදු එනවා

නා වැටියම දළු දමලා
නා අතු අග මල් පිපිලා
බාල ලියන් ටිකිරි හිනා වේ
රිදී එළිය ගමට ගෙනාවේ",රිදී එළිය ගමට ගෙනාවේ,ගම්මානයෙ පවුල් වලට යහපත් ජීවිතයක් උදාවෙයි
මළ හිරු බසිනා සැන්දෑ යාමේ,අමරදේව W.D.,Bambareku Avai,unknown,['W.D. Amaradeva'],"මළ හිරු බසිනා සැන්දෑ යාමේ
ඔබගෙන් සමුගන්නම්
අඳුරට ඉඩදී අඳුරේ සැඟවී
ඔබගෙන් වෙන් වී මම යන්නම්

නිදි නැති යහනේ රෑ යාමේ
කාංසියේ ඔබ හිඳිනා වේලේ
සුළඟේ දැවටී ඔබට හොරෙන්
මම ඔබ වෙත එන්නම්
සියුමැලි දෑතින් ඔබ හිස අතගා
ඔබ නිදි කරවා මම යන්නම්

අළුයම පිබිදෙන ඔබගේ දෑසේ
මල් පෙති අග පිනි කඳුලක්‌ රඳවා
සුසුමක්‌ වාගේ ඉන් පිටවී
ඔබගෙන් වෙන් වෙන්නම්
අඳුරට ඉඩදී අඳුරේ සැඟවී
ඔබගෙන් වෙන් වී මම යන්නම්",මළ හිරු බසිනා සැන්දෑ යාමේ,රාත්‍රිය උදා වීමට මොහොතකට පෙර කලුවර වැටී ඇති වෙලාව
මුවරද බර පිපි මල් ගොමු,අමරදේව W.D.,Ran Dahadiya Bindu Bindu,unknown,['W.D. Amaradeva'],"මුවරද බර පිපි මල් ගොමු අතරේ නැත ආදරේ
දේදුන්නේ පැහැ රේඛා අතරේ නැත ආදරේ

හඳපානේ ගඟ දිය රැළි අතරේ නැත ආදරේ
ඝණ අඳුරේ හුදකලාව නඟි කඳුලකි ආදරේ

තුරු වදුලේ ඇල් හෙවනැලි අතරේ නැත ආදරේ
රත ලවනේ පෙම් හසරැලි අතරේ නැත ආදරේ

යුග නයනේ නිල් මිණි කැට අතරේ නැත ආදරේ
ඝණ අඳුරේ හුදකලාව නැඟි කඳුලකි ආදරේ",දේදුන්නේ පැහැ රේඛා අතරේ,නවීන විසිතුරු ලෝකයෙ ජීවත්වන මිනිසුන් අතරෙ
මේ ගුරු පාරේ,අමරදේව W.D.,Aradhana,unknown,['W.D. Amaradeva'],"මේ ගුරු පාරේ මේ දොළ අයිනේ
අපේ රහස්‌ ඇත සැඟවීලා
අපේ රහස්‌ ඇත ලියැවීලා

පටු මාවත් වල දූවිලි අතරේ
අපගේ ඉපැරණි පිය සටහන් ඇත
දොළ මත දිදුළන පෙණ පිඬු අතරේ
අපේ කතාවේ කෙටි පටුනක්‌ ඇත

ඉර හඳ ඇසුවා ඇළදොළ දුටුවා
අතිනත ගෙන අප දෙඩූ කතාබහ
එනමුදු එදවස සඟවනු හැකිවේ
ඉරට හඳට ඇළ දොළට කතා බැහැ.",පටු මාවත් වල දූවිලි අතරේ,පරණ මතකයන් අතරෙහි
නිල් මානෙල් මල් පිපුනා,අමරදේව W.D.,Amara Gee Sara Vol. 06,unknown,"['W.D. Amaradeva', 'Madawala S Ratnayaka']","නිල් මානෙල් මල් පිපුනා
නෙත් සැදුනා ඒ අනුරාගී
නළල ඇගේ අඬසඳ වාගේ
මිහිර නොවෙද හදවත කාගේ

මුතු ඇටවන් දත් පෙළ සුදිළේ
සිනහ නැඟේ දත්වල කැල්මේ
ඇයගෙ දෙපා ළඟ මහද තැවේ
එපමණි මා ලද එකම සුවේ

දිගින් දිගට නැතිවී නැතිවි
අඳුරු වුනා මල්බර ජීවේ
තනිකම මා වට පැතිර සැළේ
වීණා තත්සර මිහිර බිඳේ

පිසදාලා තනිකම ලෝකේ
ලොව නැහැවූ සුගතිය ජලයේ
බුදුහිමි මම ඔබ හමුව ලොවේ
සටනට එන්නෙමි රැයද දැවේ",මුතු ඇටවන් දත් පෙළ සුදිළේ,අලන්කාර පිරිසිදු දත් පෙල පෙනෙයි
නිම්හිම් සෙවුවා මා සසරේ,අමරදේව W.D.,Kalpani Duwani,unknown,['W.D. Amaradeva'],"නිම්හිම් සෙවුවා මා සසරේ
හමුවී යුගයෙන් බැඳි යුගයේ
ළංවී වෙන් වී වරින් වරේ
ඔබ හා මා රන් හුයකිනි බැදුනේ

දිවියේ ආශා ගැඹුරින් ගැඹුරේ
ළයගින් සනහා අපමයි තැවුනේ
ජන්මෙන් ජන්මේ රැව් දීලා
ඔබ මා නෙතගේ රැදුනා

ඉරහඳ සේ මා පැතුමන් පැතුවා
සැනසුම් සයුරේ සුසුමන් හෙළුවා
අතරින් පතරේ වියැකීලා
සටනින් අද මා දිනුවා",ඉරහඳ සේ මා පැතුමන් පැතුවා,සදාකල් පවතින ලෙසියෙන් විනාශ නොවන
හිත වාවන්නේම නෑ,භාතිය සන්තුෂ්,Sarasihina,2010,['Bathiya and Santhush'],"හිත වාවන්නේම නෑ, ඔබ අයෙත් එන්නෙ නෑ
මම තාම දන්නෙ මා ඔබේ කියා
හිරි කෝඩු මැදියම් රෑ, දුන් හීන එලිවෙන් නෑ
ඔබ තාම දන්නෙ ඔබ මගේ කියා //
මම තාම දන්නෙ මා ඔබේ කියා


සුසුමන් කියා නොදුන්නු, ජීවිතේ සුපෙම් කතාව
කියා දුන්නෙ ඔබමයි ලදේ //
දෑසත් පියාන උන්නෙ, බැරිද තාම අවදිවෙන්න
බලා ඉන්න බෑ මට තවත්
සීතලෙන් මා වෙලී, දෙනුවන් පහන් නිවි
ඔබ යන්නෙ ඇයි ආදරි //


හිත වාවන්නේම නෑ....


උකුලේ නිදාන උන්නු කාලෙ ආයෙ එන්නෙ නෑ නේ
තනිවෙන්න බෑ මට ඉතින්
කෙහෙරෙල්ලෙ ගෑවි ගෑවි සුවද සෙව්ව මා එදා
ලන් වෙලා ඉන්න බෑ ඉතින්
ආදරේ නෑ ඔයා, පාඩුවේ මා හෙලා
ඔබ යන්නෙ ඇයි ආදරී // 


හිත වාවන්නේ නෑ.....",දෙනුවන් පහන් නිවි,ඇස් දෙක පියවී
මගෙ සිහිනේ ඔබයි,භාතිය සන්තුෂ්,Tharunyaye,2002,['Bathiya and Santhush'],"මගෙ සිහිනේ ඔබයි
මගෙ සිහිනේ ඔබයි
තනි යහනේ නොවෙයි
ආදරයේ හද උණුසුම ඔබයි
ඔබෙ සෙනෙහේ මගෙයි
ඔබෙ සෙනෙහේ මගෙයි
තනි යහනේ නොවෙයි
ආදරයේ ඔබ මුතුලැල් වටී

මල් පැන් පොදක් කිනිත්තක් අගින්
ඉසින්නා වගෙයි මට ඔබේ ආදරේ
නෙළුමක් නෙළුමක් අරං

ඔබගෙන් තවත් ලැබූ පෙම් වදන්
ඉතිං ආදරෙයි නම් බෝමයි හැගුම්
අහසක් අහසක් තරම්",ආදරයේ ඔබ මුතුලැල් වටී,ඔබගෙ ආදරය මට සැහෙන වටිනාකමක් සහිතයි
කවිකාරියේ,භාතිය සන්තුෂ්,Kavikariye,2015,"['Bathiya and Santhush', 'Sampath Fernandopulle', 'Ken Lappen']","උණුහුම විඳ විඳ සියො ලඟ දැනුනේ මායා
සත්තයි ලඳුනේ ආවේ සඳවත පායා
සරාගී නුවන් චායා හදේ දැල්විලා මා
ඔබයි මාගේ පෙම් වස්සානේ //

කවිකාරියේ (කවිකාරියේ)
මට හාදු දී (මට හාදු දී)
ඔබෙ දෑස මානේ හීන වස්සානේ
මායම් කථා (මායම් කථා)
මුළු රෑම වෑහී (මුළු රෑම වෑහී)
ඔබෙ කෝල දෑසේ පැටලි මා ඉන්නේ
අපෙ ආදරේ දැන් කවි පෙළක් වාගේ
අපෙ ආදරේ දැන් කවි පෙළක්

උණුහුම විඳ විඳ දෙතොලේ හැඟුමන් පාලා
දෑඟිලි දිව්වේ කොපුලේ රුඟුමක් දීලා
නුරාගී බැලුම් සේයා දසුන් මත් කළා මා
ඇවිත් නේද පෙම් වස්සානේ

කවිකාරිය.............................",ලඳුනේ ආවේ සඳවත පායා,ඔබ එනවිට මට සතුටක් දැනෙයි
චාදනී පායලා,භාතිය සන්තුෂ්,Neththara,2005,"['Bathiya and Santhush', 'Nilar N Cassim', 'Shyamalangan Sriranganathan']","චාදනී පායලා සීත සැළුවා මේ රාත්‍රියේ
ජීවිතේ අවපසයි මං තවම සීතල කළුවරේ
මේ කුළු මතින් ඇදී ඔබ එන්න මා කේරේ
ඔබ වේද මතුදාක මා ලබන රම්බරී
චාදනී පායලා සීත සැළුවා මේ රාත්‍රියේ
ජීවිතේ හිස්කමින් තුන් යාමයේ හිත් පෑරුනේ
සත්තකින් ඔබය හද රැන්දු සුරඹුන්
ඒ හැගුම් කොයි ලෙසින් සිත්සේ
පවසම්ද සොදුරේ

පෙම් හැගුම් මතකයේ රංචු ගැහුනා
යටි හිතේ පොපියමින් හීන මැවුනා
සන්සුන් සුසුම්ද කැළඹී ඇයිද මොකදැයි ඇහුවා
රාගයේ චණ්ඩ හැගුමන් රණ්ඩු කෙරුවා
මං කෙසේ කොයි ලෙසේ මුමුණම්
මේ ශෝක ගීතේ
කවුරුවත් දන්නෙනෑ දැන් මේ
මං ඉන්න හිරගේ
සෝතාප ගින්දරින් ඇවිලේවි ජීවිතේ
රෑ සීත වරුසාව ඔබ වේද මාරුතේ

යන්තමින් නුවනගින් කදුළු එබිලා
දෙකොපුල් හෙමි හෙමින් සීත ගැලුවා
දිවිගිම් නිවෙන්න පැතුවේ මධුර ස්වරයයි ඔබගේ
ආදරේ හීනයක් දෝ හැබෑ නොවෙනා
මං කෙසේ දැවි දැවී ඉන්නේ මේ වේදනාවෙන්
ඇස් අගින් ඔබ ලියූ කවි ගී මුමුණන්න මුවගින්
ඔය මන්දහාසයෙන් සැනසේවි ජීවිතේ
සෝතාප සගවන්න ඔබ එන්න ආදරෙන්",සෝතාප ගින්දරින් ඇවිලේවි ජීවිතේ,දුක් සිතිවිලි හා පසුතැවිලි වීම් මතකයට නැගෙයි
රෑ පුරා,භාතිය සන්තුෂ්,Neththara,2006,"['Bathiya and Santhush', 'Mahesh Denipitiya', 'Hemasiri Halpita']","රෑ පුරා පායනා තාරුකා
පහන් සේ දිදුලනා දෑස පා මා දිහා
හිනැහුනා බල බලා ලංවෙලා ඔබ එදා

තරු නෙත් දෙකින් ඉගිකලා
මා හදට ලංවෙලා
ඔබ ආවා මා සොයලා
සීත රෑ ඒ ලෙසේ
කාටදැයි මල් සිනා මගෙ ලොවේ
හීනේ බිද දමා ඔබ ගියේ

හැගුමන් සිතින් පියඹලා
එනවා ඔබ සොයා
තනි වීලා පාළුවේ මා
අද ඔබේ යහනතේ
හීනයක් මෙන් සිතා තැවුනා මගෙ ලොවේ
හීනේ බිද දමා ඔබ ගියේ",පහන් සේ දිදුලනා දෑස පා,මා දුටුවිට ඔබෙ ඇස් සතුටින් පිරුණි
රැස් විහිදෙන සමනලියකගෙන්,භාතිය සන්තුෂ්,RESVIHIDENA the Valentine's Day Special,2007,['Bathiya and Santhush'],"රැස් විහිදෙන සමනලියකගෙන්
ඉගියක් ලැබුනාම
රැක ගන්නම් දුර අවකාශේ
ඉගිලී යන දාට
පාවී ගොස් උඩු යටිකුරු වී
නෙත් තෙමුනාම
දිරි දෙන්නම් මුළු හද පත්ලෙන්
මහමෙර සේම

සියැසින් දුටු සිහිනයකින්
රහසක් ගෙන එන්නම්
හැබැහින් විද ගන්න
රහසින් ගෑ මුදු සුවදින්
හුස්මක් පුරවන්නම්
ළමැදේ බිහි වෙන්න

සුසුමින් හුන්මිටි තබමින්
තනියෙන් ඉන්නවනම්
ඉන්නම් දුක ගන්න
ගලනා දා බිදු පිසිමින්
වත්සුනු තවරන්නම්
ඉරණම පෙරලන්න",රැස් විහිදෙන සමනලියකගෙන්,ඉතා ලස්සන කාන්තාවකගෙන්
මීදුමෙන් වැසී,භාතිය සන්තුෂ්,Hiripoda Wassa,2010,"['Bathiya and Santhush', 'Santhush', 'Nirosha']","මීදුමෙන් වැසී කදුයාය සලිත වී
ඔය වාගෙ සීතලෙන් නලියාවි කිති කැවී
නීල නිම්නයේ රතු රෝස මල් පිපී
අපි වාගෙ ආදරෙන් හිනැහේවි ලං වෙවී

ලා හිරුගේ සෙවනේ විඩා නිවා
ඒ සුවයේ නැළවෙන්න නෙත් පියා

සේද නිල්ලේ මල් යායේ
ඇවිද යන්නයි හිත් මානේ
ඔබය මාගේ රජ දහනේ
කිරුල හිමි වූ මනමාලී

ඔබය හීනය සන්තානේ
වැතිර ඉන්නම් මේ හීනේ
සිහින විමනේ සිහිලැල්ලේ
ඉගිල යාදෙන් මැවු හීනේ

මුහුදු වෙරළේ රළ වාගේ
ඇවිත් කොදුරන් රන් ආලේ
හමන නළ සේ හැන්දෑවේ
තුරුළු වී ඉගිලෙමි ආයේ

මීදුමෙන් වැසී කදුයාය සලිත වී…",ඔබය මාගේ රජ දහනේ කිරුල හිමි වූ මනමාලී,මාගෙ ජීවිතයෙ වැඩියෙන්ම ආදරය කරන වටිනාම පුද්ගලයා ඔබයී
සරා සිහින රහසේ,භාතිය සන්තුෂ්,Sarasihina,2010,['Bathiya and Santhush'],"සරා සිහින රහසේ දිවුරා කියා
සිතේ කඳුලු පහසේ මැව්නා සිනා
ඔහේ ඇවිද හා මා හද සිතුවිලි විල කලඹා
හැරදා මා ඔබ ගියදා උන් තැන තාමත් ‍රැඳිලා

සිත කඳුලැල්ලෙහි තවරා
කලුවර රසකර වින්දා
සඳ සෙවනැල්ලක් හැංගී
මගේ ඇස් තනිකර තෙමුනා
එසේ කඳුලු ගැලූ ඒ හීනේ
තවමත් ඔබයි ආදරේ

සරා සිහින රහසේ දිවුරා කියා.....

තනි අතකින් හඬ දෙදරා
හරි ආදරයක් හින්ඳා
යලි කවදාවත් නොවෙනා
මහ සාගරයක හැඬුවා
එසේ කඳුලු ගැලූ ඒ හීනේ
තවමත් ඔබයි ආදරේ

සරා සිහින රහසේ දිවුරා කියා.....",මහ සාගරයක හැඬුවා,මා ගොඩක් දුක් වී හැඩුවෙමි
පායා එන සඳවත මනරම්,භාතිය සන්තුෂ්,Neththara,2006,"['Bathiya and Santhush', 'Wasantha Duggannarala', 'Santhush Weeraman']","පායා එන සඳවත මනරම්
තනිකමත් බෝම සීතයි
වාවාගෙන මහමෙරක තරම්
උණුසුමකින් තුරුළු වෙමි
දිවිය පුරා ලඟ හිඳ...
මා හා සංසාරේ වෙළෙනා
පිනි බිඳක් සේම පායයි
උණුසුමකින් තුරුළු වෙමි
සසර පුරා ලඟ ඉඳිමි

නොහඩනා දිනක් නොතිබුනාද මන්දා
ඔබ පෙම් හසුනක ලියනා
පෙම් කවි කීවෙමි මුමුණා
මඟ බලා හිදී නම්
පායා එන සඳවතක තරම්
තනිකමත් බෝම සීතයි
වාවාගෙන මහමෙරක් තරම්
උණුසුමකින් තුරුළු වෙමි
දිවිය පුරා ලඟ හිඳ
මා හා සංසාරේ වෙළෙනා
පිනි බිඳක් සේම පායයි
උණුසුමකින් තුරුළු වෙමි
සසර පුරා ලඟ ඉඳිමි

නොසැලෙනා සිතින් නෙලාගන්න තිබෙනා
නෙතු අද්දර මල් පිපෙනා
හැර යන්නට සිත නෙදෙනා
අපි අපේම වේ නම්

පායා එන සඳ සිසිල අරන්
මා හා ඉඳ ගං ඉවුර ලඟින්
උණුසුමකින් තුරුළු වෙමි
දිවිය පුරා ලඟ හිඳ
මා හා සංසාරේ වෙළෙනා
පිනි බිඳක් සේම පායයි
උණුසුමකින් තුරුළු වෙමි
සසර පුරා ලඟ ඉඳිමි",පිනි බිඳක් සේම පායයි,ඉතා ඉක්මනින් නැතිවී යයි
බඹරා වගේ ඇත තවම විසේ,ජෝතිපාල H.R.,Bambara Wage,1978,"['Desmond De Silva', 'H.R. Jothipala']","බඹරා වගේ ඇත තවම විසේ
සල්ලි නැතේ මට විස්‌කි නැතේ

යාළුවෙලා සිටි අය නැතේ
වැටී ගියත් අප එකා වගේ
ගල්මුල් ආවත් බය නෑ බය නෑ
අපට හිතට දුක නෑ

පැතුම් සැබෑ වෙන ජීවිතේ
අළුත් දසුන් නව ලොවින් මැවේ
මා යන ගමනේ බැමි නෑ බැඳුනේ
ගිමන් පවස නොදැනේ",බඹරා වගේ ඇත තවම විසේ,තවමත් කඩිසර ක්‍රියාශීලී පුද්ගලයෙකු වෙයි
ආලෝකේ බිහිවේ පැතිරේදෝ,ජෝතිපාල H.R.,Lassanai Balanna,1978,['H.R. Jothipala'],"ආලෝකේ බිහිවේ පැතිරේදෝ
ආශාව ඉටුවී සපිරෙයි දෝ
වැළලුණු මල ඊයේ තව හෙටක්‌ තියේ
සටනකි ජීවිතේ
ජය පරාද වේ...

කල්පනාව පෙරසේ නැත
ඇහැරීලා කොටුවීලා සිතු සේ
රන් කුරුල්ලෙකු සේ යමී
පියඹලා සැනසීලා සිතුසේ
ආකාසේ හිරු දෙවියෝ හිනැහෙනවා අපේ
ජය පරාදවේ
සටනකි...

සත්‍යයෙන්ම මිස ලොව
කවදාද අවනිති දිනුවේ
යුක්‌ති ධර්මේ අනුව සත්‍ය බලවත්ව
තෙදවත්ව රජවේ
රැයම නොවේ දහවල වේ
නියදම සේ ලොවේ
ජය පරාද වේ",රන් කුරුල්ලෙකු සේ යමී,බැදීම් වලට කොටු නොවී ජීවිතය ගතකිරීම
දිලි දිලි දිලී සේවි,ජෝතිපාල H.R.,Lassanai Balanna,1978,['H.R. Jothipala'],"දිලි දිලි දිලී සේවි ‍මා දෑසෙ ආලෝකෙ
දිලි දිලි දිලී සේවි ‍මා දෑසෙ ආලෝකෙ
කව්දෝ මාන බලන්නේ ඔබ ලඟ මා ඉන්නේ...
කව්දෝ මාන බලන්නේ ඔබ ලඟ මා ඉන්නේ...

හිතවත මේ ලෝකේ බොරුවෙන්ද ජයගන්නේ
හිතවත මේ ලෝකේ බොරුවෙන්ද ජයගන්නේ
සතුරා සමඟ සිනාසී මිතුරා සේ ඉන්නේ
සතුරා සමඟ සිනාසී මිතුරා සේ ඉන්නේ

ඇස්බැන්දුමක් වාගේ මේ ලෝ තලේ
මොහොතින් බිදී යාවී සිතු සෑමදේ...
අපගේ සිහින පාරුවේ පාවී
සයුරේ ඈත ජීවිතේ යාවී..
මල් වර වී යෞවනේ සල් වනේ ආදරේ..

දිලි දිලි දිලී සේවී...//

කව්දෝ මවා පාන මායාවකි
ඔබගේ ලගින් ඉන්නෙ ඡායාවකි
ඔහුගේ දෑස ඔබ සොයා යන්නේ
සැගවූ රහස නැ ප්‍රෙමේ දන්නේ
මල් වර වී යෞවනේ සල් වනේ ආදරේ..

දිලි දිලි දිලී සේවී...//",ඇස්බැන්දුමක් වාගේ මේ ලෝ තලේ,මෙලොව ජීවිතය කපටි මිනිසුන්ගෙන් පිරී ඇත
අඬන්නේපා සුදු මැණිකේ,ජෝතිපාල H.R.,unknown,unknown,['H.R. Jothipala'],"අඬන්නේපා සුදු මැණිකේ
මා ඔබ ළඟමයි ඉන්නේ
අඩන්නෙපා සුදු මැණිකේ
මා නැත ඔබ හැර යන්නේ//

රෑ දාවල් යයි ගෙවිලා
මම ඉමි ඔබ වෙත රැදිලා
මධු රස බසකින් නළවා
මම ඉමි පාළුව පලවා

අදමෙන් හෙට සනසන්නම්
මිහිරෙන් මිහිර පොවන්නම්
සැප සම්පත් ගෙන දෙන්නම්
ඔබ සුබ සිහින සැබෑ කරවන්නම්

මල් යහනක සතපන්නෙම්
මල් පැණි පෙරලා දෙන්නම්
මුතුවැල් ගෙළ පළඳන්නම්
රන් විමනක රඳවන්නම්",මල් පැණි පෙරලා දෙන්නම්,ඔබට අවශ්ය කෑම බීම ඇතුලු සියලු අවශ්යතා සපුරා දෙන්නම්
අඬන්නේ ඇයි සුදු මැනිකේ,ජෝතිපාල H.R.,unknown,unknown,"['H.R. Jothipala', 'Dharmasiri Gamage', 'Mohommad Saali']","අඬන්නේ ඇයි සුදු මැනිකේ කියන්න පණ මාගේ
හෙලන්නේ ඇයි කදුලැලි ආදර නිල්මිණි දෑසේ

ඔයාව ජීවිතයේ මට හමුවුණ මුල් දවසේ
සිනාවේ දෑසේ අහිංසක ආදරයයි තිබුණේ
කියාපු මිහිරිකතා තවමත් ඇහෙනවා වාගේ
ප්‍රියාවී රැක ගන්නම් හද බලකොටුවෙහි මාගේ

පරාද වෙන්න ඉඩක්‌ නෑ අපි දෙන්නගෙ ප්‍රේමේ
දිනන්නේ යන යන තැන ඔබ හින්දයි මා ලෝකේ

මැණිකේ සුවඳ මලයි පිපි බාධක කටු අකුලේ
සිටින්න දෝතින් ඒ මල නෙලනා තුරු මැණිකේ
දිලෙන්නෙ එක තරුවයි සඳ වටකර පෙම් ලෝකේ
සඳ මැණිකෙයි මම තරුවයි පායන රෑ අහසේ",ප්‍රියාවී රැක ගන්නම් හද බලකොටුවෙහි මාගේ,ඔබට ආරක්ශාව සහ ආදරය ලබදෙන්නම්
අතීත දිවියේ අනන්ත අඳුරේ,ජෝතිපාල H.R.,Lassanai Balanna,1978,"['Desmond De Silva', 'H.R. Jothipala']","අතීත දිවියේ අනන්ත අඳුරේ විඩාව නිමවේ
මිලාන දෙනෙතේ වියෝග කඳුලේ සිනාව මතුවේ
උදාර මවගේ සෙනේහ දැඩිවී සිතේහි පුතුගේ
අසාර කතරේ තුෂාර සිසිලයි දයාව මවගේ

විනීත මවගේ පැතීම නොතකා
ගියාම දුකසේ හඩන්න වූයේ
තුසිත විමානේ අපාය වෙත මා
ගියාසේ කඳුලැලි හෙළන්න වූයේ
සමාව ඉල්ලා දෙපා වදින්නයි
රත්තරන් අම්මා බලන්න ආවේ

විනාසේ ගැලලූ ඔබේම පුතුනු
ලැබීම් පිටුපා දයාව අම්මේ
අගේට පැළඳූ ගෙල වට මාලේ
එදා සොරා ගෙන ගියානෙ අම්මේ
මගේම දැතින් පළඳවන්නයි
මෙදා  මාලේ මා ගෙනාවේ අම්මේ
සමාව ඉල්ලා දෙපා වදින්නයි
සමාව දෙනු මැන පුතුහට අම්මේ",තුසිත විමානේ අපාය වෙත මා,සැපවත් නැනක් සිතා ගිය තැන දුක් ගැහැට වලින් පිරුණු තැනකි
ඇහෙනවනම් හිත හඬන තරම්,ජෝතිපාල H.R.,Lassanai Balanna,1978,"['Desmond De Silva', 'H.R. Jothipala']","කිසිවෙකු නෑ ලොව හිනැහෙන්නේ
පෙරදින රජ මැදුරක උන්නේ
අද මා මහමග සැතපෙන්නේ

පතන පැතුම් සුළගට මුසුවේ
මියුරු වදන් කදුලේ ගොළුවේ
සතුට උපන් හැම දින වැළලේ
කුමන නැටුම්දෝ දිවි මඩලේ

අපගෙ අහිංසක ලොව බිදිලා
ඔබද අනන්තෙක ඇත බැදිලා
ගිණි දළුවා ගත වෙළෙනු පෙනේ
ඔබ මල් යහනක හිදිනු මැනේ",පෙරදින රජ මැදුරක උන්නේ,මා මීට පෙර ගත කළෙ සැපවත් ජීවිතයකි
ඇස්‌ දෙක වාගේ හිටිය,ජෝතිපාල H.R.,Lassanai Balanna,1978,"['Desmond De Silva', 'H.R. Jothipala']","ඇස්‌ දෙක වාගේ හිටිය දෙන්නට මේ මොකද වුනේ
ඔබෙ අත ගන්න පවා වාසනාව නැද්ද අනේ
දෙන්නට මොකද වුනේ

පෙම් ලෝකයේ කොතරම් අවහිර බාධා තිබුණත්
එක හිත ඇත්නම් බෑ වෙන් කරන්න සිහිනෙන් වත්
ඔයාගේ නම රැදුනේ මගෙ මේ තොල් අතර නොවේ
උපදින හැම වාරෙම වෙන කාටත් අයිති නොවේ - ඔයාව අයිති නොවේ

ආදර බලකොටුවේ ඔබ සුරැකිව තබා ගමී
එන හැම දේකට එඩිතරවී මම පපුව දෙමි
අවත් කුහක ලොවේ මට පිට පිට ඇනුම් බැනුම්
එනවා ළඟට ඔබේ මැරෙන්න මොහොතකට කලින් - මැරෙන්නෙ ළඟට ඇවිත්",ආදර බලකොටුවේ ඔබ සුරැකිව තබා ගමී,ඔබට නොසැලී නොනැවතී ආදරය කරන්නෙමි
අහසේ ලියුවත් පොළොවෙ කෙටුවත්,ජෝතිපාල H.R.,unknown,unknown,['H.R. Jothipala'],"අහසේ ලියුවත් පොළොවෙ කෙටුවත්
කළ නොහැකිය නිම්...
ඕ..............
පුවත අපේ පෙම් ...//

ආ යන්නෙන් ආදර ගීතේ - මුලින් ලියූ සිහින පොතෙහි
සීගිරියේ ගී වැල් වාගේ - දෙදෙනාගේම මතක තියේවී
දේදුන්න සේ මැකී නොයේවා - ආවත් වියෝග අන්ධකාරේ..//

මුව පියුමේ උතුරන සීනේ - මම නිරතුරු රැදෙමි දයාවී
අපි ගැන පඬිවරුද කතාවී - මතු ඉතිහාසය ද කියාවී
රාමා සීතා කතන්දරේ මෙන් - යුගයෙන් යුගයට එය පැතිරේවී...

කඳුළු හෙළූ දෙකොපුල් යහනේ - විඩා නිවා ලැඟුම් ලබන්නයි
පියෙන් පියට ඇස්‌ වැල් පටලා - දිවි ඇතිතුරු ගමන් කරන්නයි
මා ඉන්නේ ඔබ පැමිණෙන තුරු - ආදරයේ තනි නවාතැනේ මේ...",සීගිරියේ ගී වැල් වාගේ,නොනැවතී දිගින් දිගටම මෙය පවතී
දිය කිඳුරිය සේ,ජෝතිපාල H.R.,Lassanai Balanna,1978,['H.R. Jothipala'],"දිය කිඳුරිය සේ සාගරේ
දෝතින් ගෙන ආ ආදරේ
මහද විමනේ - ආල සිතුවම්
රුවන් රූ පිලිරූ මැවේ
කිව මැන ඔබ කව්දෝ ලදේ...//

දේහ ලතාවේ රූසිරු වරුනේ
නොදැනී මේ නෙත යාවෙලා..
දිගුනිල් වරලේ නිළුපුල් නයනේ
සැගවේවා අද පාවෙලා..
මිනිදැල් පරදා හසකැන් නැගුනා
පෙම් ඇරයුම් ගෙන ආ නිසා..
මනසේ ඇදුනා‍ දෙනෙතින් මිදුනා
සිහිනය සේ නොපෙනී ගියා..
මේ දිවි ගමනේ රන් ටැඹ ඔබවේ
උපදින සසරේ වාසනා...

දිය කිඳුරිය සේ...//

දෙදෙනා හමුවී පෙරදා සසරේ
උන්නා සේ මට ලංවෙලා..
සුපුරුදු සුවඳයි ඔබ ලඟ රැදුනේ
කව්රුන්දෝ මේ රූපිකා..
හිරුදැක දිලෙනා පිණි මල වාගේ
ඔබ ඇසුරෙන් වෙන්වී නොයා..
රෑ තනි ඉවුරේ ඈත ඉසව්වේ
දෙදෙනා යමු පෙම් චාරිකා..
තනිවෙමු ඔබ මා මේ සැණකෙලියේ
ඔබ‍ටයි මේ පෙම් ගීතිකා...

දිය කිඳුරිය සේ...//",මේ දිවි ගමනේ රන් ටැඹ ඔබවේ,මාගෙ ජීවිතයෙ වටිනාම පුද්ගලයෙකු ඔබයි
කඳුලැල් සලා,ජෝතිපාල H.R.,Chandana Ellen,2016,['H.R. Jothipala'],"කඳුලැල් සලා දෙනෙත් පියවිලි නැහැවිලා ඔබේ
ඇයි මිහිරියේ කිව මැන කල්පනා ලොවේ..//

මතුවේ සිහින් සුසුම් රැළි අද විල් දියේ මාගේ
කිසිවත් ලොවේ වෙනත් නැත මට - ඔබ තරම් මගේ
රැජිණ ඔබයි උදාරියේ- මගේ දිළිඳු ලෝකයේ

මා වෙසෙනා තුරු ලොවේ - ඔබ කිසිදිනෙක තනි නොවේ
හමුවන්න එන්න ප්‍රොයේ - අද මෙන් මතුදා මේ භවේ
පිළිගන්න මා රජෙක්‌ ලෙස - සනසා දයාවියේ",රැජිණ ඔබයි උදාරියේ මගේ දිළිඳු ලෝකයේ,මාගෙ ජීවිතයෙ වටිනාම පුද්ගලයා ඔබයි
ජීවිතේ මල් යහනාවකි,ජෝතිපාල H.R.,Hada Wiman Dorin,1974,"['H.r. Jothipala', 'Anjalin Gunathilaka']","ජීවිතේ මල් යහනාවකි මේ ලොවේ
ශෝකේ වී හඞා ඉන්න කාලේ මේ නොවේ
යායි යායි හිප්පි හිප්පි
යායි යායි යා...

ඔබ සිනාවුණොත් ලොව සිනාවුණා
අපි හැඩුවොතින් ලොව හඞන්නේ නෑ
දැන් වෙන් ව යන්නේ නෑ අපි
ඒ නිසා හඞන්නේ නෑ සන්තෝෂෙන්මයි අපි
යායි යායි...

සංගීත වේ ප්‍රේම අහරේ
මං ගයන්නෙමි ගීත ඔබ නටන්නකෝ
යළි ඔබ ගයන්නකෝ ගීත
මම නටන්නෙමි
යායි යායි....",ජීවිතේ මල් යහනාවකි මේ ලොවේ,ජීවිතය හොදින් සැප සම්පත් විදිය යුතු දෙයකි
කොතනක සිටියත් ඔබ මෙලොවේ,ජෝතිපාල H.R.,Lassanai Balanna,1978,['H.R. Jothipala'],"කොතනක සිටියත් ඔබ මෙලොවේ
දිගුකල් ජීවත් වෙන්නකෝ
ඔබේ සිතට සැනසුම ගෙනදී
දිගුකල් ජීවත් වෙන්නකෝ
රැකගෙන මංගල මුදුව අතේ
දිගුකල් ජීවත් වෙන්නකෝ

හිටියත් කිසිවෙකු මෙහි ඔබ පතලා
දුටුවත් ඔහු ඔබෙ ලස්‌සන මැවිලා
සිහිකෙරුවත් පසුගිය දේ සිතලා
සිරිකත මෙන් ඔබ දිගුකල් ජීවත් වෙන්නකෝ

ඔබ එනතුරු මම තනියෙන් සිටියා
ඔබ වෙන කිසිවකු සමගින් ආවා
ඔහු දිවි රැකුමට මට වෙර ලැබුණා
පිරිසිදු ලිය ඔබ දිගුකල් ජීවත් වෙන්නෙකෝ",සිරිකත මෙන් ඔබ දිගුකල් ජීවත් වෙන්නකෝ,ඔබෙ ආයුශ වැඩි වී සැහෙන කල් දිවි ගෙවිය හැකි වන ලෙසට ප්‍රාර්ථනා කරමි
හද විමන් දොරින්,ඇන්ජලින් ගුණතිලක සමග ජෝතිපාල H.R.,Hada Wiman Dorin,1974,"['Anjaleen Gunathilake', 'H. R. Jothipala']","හද විමන් දොරින් එන පැතුම් පවන්
විහිද යයි හමා
පියඹනා කල්පනා
රසේ දේයි අමා..

මල් උයන් තුලින් විල් ගඟුල් මැදින්
සුගන්දය ගලා
එකතු වී කිති කැවී
රැඳී එක්වෙලා..

සාගරයේ සිසිල් රැල් නැගි නැගී බිඳේ
ආදරයේ සුපෙම් කැන් දිලි දිලී සැලේ
ආකාසේ සඳේ ලප නැත මැකී ගියේ
ආදරයේ පුරාණේ හිත ඇදී ගියේ
උදා වූ වසන්තේ
සදාකල් රැඳේවා..

හද විමන් දොරින්..

මී වදයේ ගුම් නදින් මත් වෙලා ඉමී
ගී තනුවේ වදන් වැල් ලෙස ඇදී එමී
ලෝ තලයේ අලුත් පෙම් කතාවක් ලියා
පා කරමූ සුනිල්වන් වලාවක් සොයා
උදා වූ වසන්තේ
සදාකල් රැඳේවා..

හද විමන් දොරින්..

මල් උයන් තුලින්..",ආදරයේ සුපෙම් කැන් දිලි දිලී සැලේ,ආදරය තව තවත් වැඩිවී දැනෙයි
ලැසි ගමනින් යන හනිකේ,ජෝතිපාල H.R.,Amma 2,unknown,['H. R. Jothipala'],"ලැසි ගමනින් යන හනිකේ
ඉක්‌මන් කොට නොවැ මැණිකේ
විසිකළ දේ යළි අහුල ගනී
හෙට මේ වගේ නැත ලෝකේ

පැද්දෙන උකුළු තිසර පැටවු
නෙත් මිණිකැට ගිරවගෙ නාසේ
අප දැක තියෙනව පසුවත් දකිනව
යනු මැන මගෙ දෝසේ කිරි අප්පේ

ආඩම්බරකම තඹ දොයිතුවකටවත්
නැහැ කිසිවකු ගන්නේ
පහනක්‌ වැනි හැඩ මුහුණක්‌ ඇති ඔබ රැවුවත්
සිනහව වන්නේ කිරි අප්පේ",නෙත් මිණිකැට ගිරවගෙ නාසේ,දිලිසෙන ඇස් සහ විශාල නාසයක් සහිතයි
ඉර සඳ වැඳලා,ජෝතිපාල H.R.,Surangana,1984,['H. R. Jothipala'],"ආදරේ ආදරේ ආදරේ....

ඉර සඳ වැඳලා නෙත් දෙක ඇරලා
අත ඔබේ නළලේ තියා
හදවත සපුරා පවසමි ඉඳුරා
මම ආදරෙයි කියා
මගෙ සිත සැනසී සැක බිය වැනසී
ගණඳුර පහව ගියා
මම ඔබ අඳුනා පිළිගමි ඉඳුරා
මම ආදරෙයි කියා

සතර දිගන්තේ සොඳුරු වසන්තේ
ඔය මුහුණෙහි දකිමී
ඇස පිය නොහැරා දෙනෙතෙහි සතපා
ඔබෙ රුව මම රකිමි

මුළු ලොව මත්තේ මගෙ යැයි කිව හැකි
ඔබ පමණයි ඇත්තේ
හෝ... ඔබ මා ළඟනම්
ජීවිතයට වෙන කිසිවක්‌ හිඟ නැත්තේ",සතර දිගන්තේ සොඳුරු වසන්තේ,යහපත් සතුටින් පිරි ජීවිතයක් දකිමි
ගියයි බිඳී අත්වැල් හඞන්නේ,ජෝතිපාල H.R.,unknown,unknown,"['Kumaradasa Sapu Thanthreege', 'Rohana Weerasinghe', 'H. R. Jothipala']","ගියයි බිඳී අත්වැල් හඞන්නේ
ඇයිද නංගියේ හෙටක්‌
කියා දිනක්‌ ඇතේ ලෝකයේ
සුසුම් සලා දුක්‌ වී තැවෙන්නේ
ඇයිද මල්ලියේ -හෙටක්‌...

ආදර මල් පිබිදෙනවා
ඒ වාගේ පරවී යනවා
ඔය මහ මුහුදේ තව ඇත මාළු වේවි උන් යාළු
ඉරක්‌ ගිලී යාවි හෙට උදයේ එයි ආයෙමත් - හෙටක්‌..

කාලය නම් ඉඟිලෙනවා - යෞවනියෝ පැන යනවා
නියඟය සේදී මල්බර කාලේ - ආයෙත් ළංවේවි සිතුම් මැදින්
නේදෝ ජය ලැබුණේ මේ ජීවිතේ - හෙටක්‌...",නියඟය සේදී මල්බර කාලේ,අයහපත් කාලය අවසන් වී හොද කාලය උදාවෙයි
කඳුළු,කසුන් කල්හාර,Romantic Opera,2008,"['Indrachapa Liyanage', 'Nadeeka Guruge', 'Krishan Wickramasinghe']","ඊයේ ඇස් වල තිබු කඳුළු
පිසලන්නට බෑ කිව් නිසා...
ඒ කඳුලේ ආදරයේ පැහැයක් මා නෑ කිව් නිසා...
සඳ අඳුරට උරුම වෙලා..

ආදරයේ කඳු බෑවුම් අතරේ..
කඳුළු වලින් මියැදී...
සිනහවෙන් ඉපදී...
ආ හැටි පෙරදී...
කඳුලේ ඉපදී වියැකී..
ඒ සුරතල් සිනා..

ඒ කඳුලේ ආදරයේ පැහැයක් මා නෑ කිව් නිසා...
ඒ කඳුලේ ආදරයේ පැහැයක්... තිබුණා....",සඳ අඳුරට උරුම වෙලා,ඇය දුකට පත්වී ඇත
ආදර මල් වල,කසුන් කල්හාර,Navarathna Gamage: Classics Collection 02,2022,"['Kasun Kalhara', 'Navarathna Gamage', 'Indrachapa Liyanage']","ආදර මල් වල පාට කියන්නද
මේ වගෙ ලස්සන තව නෑ
මේ වගෙ ලස්සන තව නෑ
මීදුම් පිණි පොද දෑස වසන් කල
සමනල් සිහිනය පිපුනා...
සමනල් සිහිනය පි පු නා...

දේදුනු රේඛා - දෑසම තවරා..
තවමත් මල් සිත - බලා සිටිනවා..
මීදුම් තවරා සුළඟක - ඈතක සගවා තුන්සිත
දෑස හොරෙන් ඈත‍ සොයනවා..
අදුර මැදින් එන්න සදලියේ...

දේදුනු සායම - දෑස‍ බොඳ කල
මාලති යායක හැලිලා...
මාලති යායක හැලිලා...
සීතල හිම කදු යාය පිය මැන
දෙව්ලිය සිහිනෙක වැ‍ඩියා
දෙව්ලිය සිහිනෙක වැ‍ඩියා...",සමනල් සිහිනය පිපුනා,ආදර හැගුම් පහළ වුනා
ආඩම්බර සඳ,කසුන් කල්හාර,unknown,unknown,['Kasun Kalhara'],"ආඩම්බර සඳ සිරියහනට වැද
ඇයි අද මේ තරමට දඟ
කියන්න කියන්න කියන්න
කියන්න පුන්සඳ

කෞමතී මලක් යහනට එවන්නේ කවදද//

දොර සිදුරෙන් ආල කැළුම්
සිරි යහනේ අතුරලා
රෑ කුමාරි මල් සුවඳක්
සුළඟෙ එවයි දවටලා...
ඕ.... හොඕ...
හැමදාමත් සිහින වැලක්
ඉහ ඉද්දර බොඳ කලා....

නීල වලා කෙඳි අමුණා
යහන වටේ සරසලා
සිකුරු තරුව කැන්දාගෙන
යහනේ සරදම් කලා...
පිණි කඳුලක් තබා හොරෙන්
උදේම පිටමං වෙලා...

ආඩම්බර සඳ සිරියහනට වැද...",දොර සිදුරෙන් ආල කැළුම්,හොරෙන් පෙම් බස් මුමුණනවා
ඇරඹුමම කඳුලක් වෙලා,කසුන් කල්හාර,The Romantic Opera,2008,"['Indrachapa Liyanage', 'Nadeeka Guruge', 'Krishan Wickramasinghe']","ඇරඹුමම කඳුලක් වෙලා
මා බලා ඉද්දී ඒ දිහා
ආ තුරක් දුර වැඩි නිසා
අවසානයට පෙර ඈ ගියා

දුක් බරව කවියක් ලියා
එහි පද පෙලක් අඩුවෙන් තියා
අරුත පසිඳින්නට කියා
අවසානයට පෙර ඈ ගියා

ශෝකාන්තය එනතුරා
එහි රැ‍ඳෙන්නට සිත් නැති නියා
අනන්තය ලග මා දමා
අවසානයට පෙර ඈ ගියා

ඇරඹුම ම කඳුලක් වෙලා
මා බලා ඉද්දී ඒ දිහා
ආ තුරක් දුර වැඩි නිසා
අවසානයට පෙර ඈ ගියා",අනන්තය ලග මා දමා,නිමා නොවන ජීවිතය අභියස මාව තනිකර
එක වසන්තයක,කසුන් කල්හාර,Radical Premaya,2004,['Kasun Kalhara'],"එක වසන්තයක එක රාත්‍රියක
දැනුනා මතකයි මට ඉබේම වාගේ ඔබෙ සුවද
එක හුස්මක්වත් ගන්නට ඉඩ නැති තරමට
දැනුනා.... විතරක් මතකයි...
හද ලුහුබැද ඉව කරනා
පෙර සසරක සුපුරුදු සුවද...
ඒ ඔබේ නොවෙද එනමුදු ඒ ඔබමද
ඔබමද ඒ සොදුර

මේ වසන්තයේ හමුවෙන සුලග සමග
සසැදී පැහෙන්නට හිතයි මට....
ඔබෙ සුවද සමග මුසු වනු පිණිස
මගෙ සුසුමක් තියන්නද......
සිහිවනු පිණිස...... සොදුර....

මේ වසන්තයෙම ගතවී යන්නට පෙර
තුරුලේ ඇහිරෙන්නට පතමි මම.....
ඔබෙ සිතැගි වලට මුසු වනු පිණිස
මගෙ හැගුමක් තියන්නද...
ගිවිසනු පිණිස.... සොදුර",මේ වසන්තයෙම ගතවී යන්නට පෙර,ජීවිතයෙ තරුණ කාලය ගෙවී යන්න පෙර
ආදරණීය වස්සානේ,කසුන් කල්හාර,Adaraneeya Wassanaya - Platinum Collection,2002,"['Kasun Kalhara', 'Uresha Ravihari']","හීනයකි මට ආදරේ
හැඟෙනව මට ජීවිතේ
හිනයට ළඟ ජිවිතේ
හැඟෙනවා මගෙ ආදරේ

වැටෙනකොට කඳුළු ඇවිලිලා
සුවඳ මල් පෙති පරවෙලා
සුවඳ මල් පෙති පරවෙලා
වස්සාන සිහිනේ ඇවිලිලා

සුසුමේ තවරා සැඟවු සිහිනේ //
ආ....ආ....ආ....ආදරණීය වස්සානේ //",හීනයකි මට ආදරේ,හිමි කර ගත නොහැකි දෙයකි ප්‍රෙමය
හෙට අළුත් අළුයමක්,කසුන් කල්හාර,Chaaminda Rathnasuriya Magical Lyrics Vol. 02,2022,"['Chaaminda Rathnasuriya', 'Romain Mendis', 'Kasun Kalhara']","හෙට අළුත් අළුයමක්..
වෙන කවරදාකටත් වඩා
මිහිමත මල්...
පිපෙන දවසක්...
පුංචි කුමාරියක්
හිරිමල් හිනා අරන්
මග බල‍න් ඉන්න බවට
දුන් නිසා
පොරොන්දුවක්...

ඉරත් හැංගිලා
බලා හිඳී වලාකඳු යටින්
ලා හිරු කදම්බයක් හෙලා
අප හමුවීම කරන්න... ආලෝකමත්
අප හමුවීම කරන්න... ආ...ලෝකමත්...

සුළඟ ගල් ගැහී...
හමා නො ඒ
ඈත කඳු වෙතින්..
ලාපත් අහුරක් විසුරුවා
අප හමුවීම කරන්න... අසිරිමත්
අප හමුවීම කරන්න... අසිරිමත්...",පුංචි කුමාරියක් හිරිමල් හිනා අරන්,පෙම්වතිය මා එනතුරු සතුටින් මග බලාසිටී
ආකාස ගඟේ,කසුන් කල්හාර,Akasa Gange,2012,"['Kasun Kalhara', 'Raj Thillaiyampalam']","ආකාස ගඟේ-වළාවේ වෙළී 
සීමාව සොයා සිසාරා ඇදී
එමි ආදරී
සිත සාදමී
මෘදු හාදු දී
හද ගිනි නිවමි
සුළඟ හිමිහිට හැමුවාවේ....
කොහෙද ඇය මට කිව්වාවේ....
 
පෑයූව සඳේ
අකාසේ රැඳී
ඈ වාගේ දිලී
රිදවයි නුඹ හිනැහී....
 
ඈ ඉන්නා සී මැදුරේ ලා අඳුරේ මේ යාමේ
පාවේ දෝ ගී රාවේ
පීඩා වී සංතාපේ
ඒ හඬනා හඬ දෝ ඇයගේ....
 
දෑසේම පායා රෑ සීන ගේනා
ඈ කෝ සොයා දැවෙමී....
 
පෑයූව සඳේ
ආකාසේ රැඳී
ඈ වාගේ දිලී
රිදවයි නුඹ හිනැහී
 
රෑ බෝවී ආවාවේ
දී දුක් දී හේමන්තේ
නෑ එන්නේ මල් වාරේ
සරසාලා ඈ හිසකේ
ඈ මතකේ සුසුමේ සිරවේ....
 
දෑසේම පායා රෑ සීන ගේනා
ඈ කෝ සොයා දැවෙමී....
 
පෑයූව සඳේ
ආකාසේ රැඳී
ඈ වාගේ දිලී
රිදවයි නුඹ හිනැහී....
 
ආකාස ගඟේ-වළාවේ වෙළී 
සීමාව සොයා සිසාරා ඇදී
එමි ආදරී
සිත සාදමී
මෘදු හාදු දී
හද ගිනි නිවමි
සුළඟ හිමිහිට හැමුවාවේ....
කොහෙද ඇය මට කිව්වාවේ....
 
පෑයූව සඳේ
අකාසේ රැඳී
ඈ වාගේ දිලී
රිදවයි නුඹ හිනැහී....",ඈ ඉන්නා සී මැදුරේ ලා අඳුරේ මේ යාමේ,පෙම්වතිය මෙ රාත්‍රියෙ විසල් මැදුරක රැය පහන් කරයි
අඳුරේ මැදියමේ,කසුන් කල්හාර,unknown,unknown,['Kasun Kalhara'],"අඳුරේ මැදියමේ
නිදි වරා
වැපිරූ සිහිනේ
කඳුළු අතුරා
පුළිඟු සැඟවූ සිහිනේ

මොහොතක් ගැවසෙන්න
අහම්බෙන්වත් හමුවී යමුද
වචනයක් කියනවද
තව එක දවසක් ගෙවා ගන්න

සිහින අතැර ගිය ජීවිතේ
මරණ ආගාධයේ තනිකමේ
හිඳිමි මම
ඔබද එය දන්නවා
සිහින සොහොන ළඟ ජීවිතේ
නොමළ සිත සමග තනිකමේ
හිඳිමි මම
ඔබද එය දන්නවා

මොහොතක් ගැවසෙන්න
අහම්බෙන්වත් හමුවී යමුද
වචනයක් කියනවද
තව එක දවසක් ගෙවා ගන්න

සොඳුරු ලෝකාන්තය මුදුනතේ
මතක භශ්මයන් හද දරා
හිඳිමි මම
ඔබද එය දන්නවා
නොඑනා සෘතුවක බර දරා
අහිමි හුස්මකට ළය අයා
හිඳිමි මම
ඔබද එය දන්නවා

මොහොතක් ගැවසෙන්න
අහම්බෙන්වත් හමුවී යමුද
වචනයක් කියනවද
තව එක දවසක් ගෙවා ගන්න",නොඑනා සෘතුවක බර දරා,සිදුනොවනා දෙයක විපාක ගැන සිතීම
ඉරිමා උදයේ,ඉන්ද්‍රචාපා ලියනගේ සමග කසුන් කල්හාර,Radical Premaya,2004,['Kasun Kalhara'],"ඉරිමා උදයේ
සීතල මුතු පිණි මතින්
මද්දහනේ වැටෙනා
හිරුගේ කිරණ වැසි
සිත් නිම්නයට සතුටක්
ගතේ දුවනා

ආදරේ නොදී එය සඟවා //
මුවගට සිනා තබා
දෑසට කඳුළු ගෙනා

ඔබ ඇඳි සිතුවම් මතකේ රැඳුණා //
එය දකිනා...
නෙත් සතුටක්දෝ",ඔබ ඇඳි සිතුවම් මතකේ රැඳුණා,ඔබ කළ කී දෙවල් හොදින් මතකයට එක්වී තිබුණි
කවුළු පියන් පත් වහන්න,කසුන් කල්හාර,Kasun Kalhara Live in Concert,2011,['Kasun Kalhara'],"කවුළු පියන් පත් වහන්න
සදලු තලාවේ.........
නුඹ දුරයි නෙතට මා සිටිනා
ළවැලි තලාවේ........

විලක දුරක මල් පිපුනේ අපට නොවේමැයි
ඔරු පාරු ඇවිත් බලා යාවි විල් දිය ගැබුරුයි
මල් සුවද උරා ඇදී යන්නේ බඹරුන් කොමැයි

සදුලුතලාවට පැල්පත දුරනම් බෝමැයි

මුදු සිනා සලන සදවත අහසේම රැදුනාවේ
ඉහිමරණ තරු කැලුම් අහසට නොම පෙනුනාවේ
සිත ඈත අරන් යන විමනේ සදලුතලාවේ
කවුළු පියන් වසනු මැනවි නෙතුකැන් හමුවේ",විලක දුරක මල් පිපුනේ අපට නොවේමැයි,හිමි කරගත නොහැකි කාන්තාවක්
මල් මිටක් තියන්න,කසුන් කල්හාර,Dell Studio,2019,['Kasun Kalhara'],"මල් මිටක් තියන්න ඔබ අතේ
මට කියා කොයින්ද මල් වනේ
ජීවිතේ විසල් නදී තෙරේ
තුරු හිසත් මලත් ඔබයි මගේ

සොදුරු කවි ලියාන හිත් කොනේ
තාරුකා වහින රාත්‍රියේ
ගෙල වටේ ගිලී හමා ඇදි නළරැළී
ඔබයි මගේ

තුරුලතා පවා දුකෙන් වගේ
අතවනා සොයන්නෙ ඔබ කොහේ
හැන්දෑව වගේ සෞම්‍ය වී නිදා ඉන්න
මගේ හදේ.",තුරු හිසත් මලත් ඔබයි මගේ,මාගෙ සියලුම දෙය ඔබයි
මධු චන්ද්‍රයාමේ මෝදුවේ,කසුන් කල්හාර,Sudu Muthu Rala Pela,2019,"['Kasun Kalhara', 'Rohana Weerasinghe']","ආ.............ආ....ආ......
ආ.............ආ....ආ......

මධු චන්ද්‍රයාමේ මෝදුවේ
උන්මාදනීය රාත්‍රියේ...
අනංග දෙවොලේ
දල්වා ඇති පහන් නිවී...
මධු චන්ද්‍රයා මේ මෝදු වේ...
මධු චන්ද්‍රයා මේ මෝදු වේ..

වරල සිකිපිල් සිඹින සලමින්
නයන නිළුපුල් සුවද ඉසිමින්
උරමඩල සියපත වතින් නිති සරසා
මිලාන හදවත තුරු සිරින් සදමු...

දෙතොල මී..විත අමා පුදමින්
දෙතන කැලසින් පවස නිවමින්
සිරියහන සුවහස් දමා පුළු උකුලේ..
පතිකුලය සුමිහිරිය සදා රැක ගනිමු..",දෙතොල මී..විත අමා පුදමින්,මත්වතුර තොල ගාමින්
නිලට නිලේ නිල් කැටේට,කසුන් කල්හාර සමග උරේෂා රවිහාරි,Top Sinhala Songs Vol. 34,2020,"['Kasun Kalhara', 'Rohana Weerasinghe']","නිලට නිලේ නිල් කැටේට කඩා හැලෙන ජල කඳකට
සීත සදන උල්පත ඔබය...
ඒ නිල් ජලකඳ මතුපිට අත්ලතබා හෙමි හෙමිහිට
තාල නඟන රළ පෙල ඔබය..
නොසිදෙන පෙම් උල්පත ඔබය...
බිඳෙනා පෙම් රළ පෙල ඔබය..

රතට රතේ පිපී වැනෙන නෙළාගන්න කියා කියන
පුදුම හිතෙන හිත් මල ඔබය...
ඒ හිත්මල සිඹ සනසන නටුමත කටු ඇති බව දැන
සුවඳ විදින බඹරිදු ඔබය...
පුදුම හිතෙන සිත්මල ඔබය..
සුවඳ විදින බඹරිදු ඔබය..

ගිරා නිලට පැසී දිලෙන නෙලා ගන්න කියා කියන
නුරා ගොයම් යායම ඔබය..
ඒ නව ගොයමේ කිමිදෙන ළය නියරේ නිති ඇවිදින
සරා සුවඳ මදනල ඔබය...
නුරා ගොයම් යායම ඔබය...
සරා සුවඳ මදනල ඔබය...

නිලට නිලේ නිල් කැටේට..",සීත සදන උල්පත ඔබය,ජීවය ලබාදෙන්නෙ ඔබයි
මත් මල් සේනා,කසුන් කල්හාර,Math mal sena,2012,['Kasun Kalhara'],"මත් මල් සේනා පාවේ පාවේ - දෑසේ දැවටේ මා
සිත්තම් වීලා මා නෙත් මානේ - සෙනෙහේ සුවසේමා
ලා...ඉරේ රන් ගැවිලා - සදා ස්නේහයේ මල් වැහි වෑහුනා

පිපි හාදු සුළගේ - මුව ගාව ගැවසේ
දෙතොලේ ලැගුම් සොය සොයා...
සඳ රේනු යායේ මුදු සීත පෙනුනේ
ලං වෙන්න මයි නෙත් පියා...

උදා වේ...මා...සැදෑවේ...මුදා..
නෙක ස්වර්ණ රැස් රඟනා වැහිතීරේ...

ඕ...ඔබ ගාව සිහිනේ - හිත හීන නෙළුවේ
රෑ තුන් යමේ හිත් පුරා...
නොදොඩාම දෑසේ - කවි ගීත මැවුනේ
දෙතොලේ සුසුම් උතුරලා...

උදා වේ...මා...සැදෑවේ...මුදා..
නෙක ස්වර්ණ රැස් රඟනා වැහිතීරේ...",සිත්තම් වීලා මා නෙත් මානේ,සිදුවීම් පැහැදිලිව මතකයට නැගෙයි
නතාෂා,ඉන්ද්‍රචාපා ලියනගේ සමග කසුන් කල්හාර,Haritha Nimnaya,2001,['Kasun Kalhara'],"නතාෂා ඇවිදින් ගියා
පියාඹා වෙරලින් එහා

නයිල් ගඟේ ඉවුරේ
ආදම්ගේ උයනේ
රොන් සලා ඈ ගියා
නතාෂා

කිරිල්ලී මල් මී තියා
ඉගිල්ලී රෑනේ ගියා

ආයෙත් ආයෙත් ආයෙත් එනවා
අහසෙ පොළොවෙ සුළෙඟෙ වෙලෙනවා
නිල් නිල් නිල් දැහැනේ එලෙනවා
සිත්සේ දොතොලේ පහසේ ඔබ මා
සිඹිනවා සිහිනෙන් තැවෙනවා

පමා වී ඈතට ඇදී
මීදුමේ රැහැනින් මිදී

හදවතේ ගිණි අවුලා
මා දෑසේ ගිණි අතුරා
මා දවා ඈ ගියා
නතාෂා


ළංවි වෙන්වි දුක් වී දුර ගෙවා
සයුරෙ රළසේ සිහිනේ මියැදුණා
සඳුගෙ තුරුලෙ විනිසේ ලිහුණා
උකුලේ ළමැදේ සයනේ ඔබ මා
සැනසුනා සිහිනේ මැවෙනවා

නතාෂා හුස්මක් තියා
නිදැල්ලේ සක්මන් කලා

නයිල් ගඟේ ඉවුරේ
ආදම්ගේ උයනේ
රොන් සලා ඈ ගියා
නතාෂා

කිරිල්ලී මල් මී තියා
ඉගිල්ලී රෑනේ ගියා",සයුරෙ රළසේ සිහිනේ මියැදුණා,සිහිනය ඉක්මනින් විනාශ විය
නැගෙන බිඳෙන,කසුන් කල්හාර,unknown,unknown,['Kasun Kalhara'],"නැගෙන බිඳෙන හැම සමුදුරු රැලි මත
නුඹෙ මුව හිනැහෙනු මා දුටුවා
නොදැනිම වාගෙ ඒ රුව බොඳ කර
කඳුලක් නෙත තනියට නැගුනා

මතකද හැම රෑ පහන් වනතුරා
පැතූ පැතුම් කෙලි සිනා වදන්
දින ගෙවෙනා හැටි අප දැන හිටියා
අද නුඹ කොහිදැයි සිත ඇසුවත්

ඉරණම ලියැවී අප වෙන් කලදා
දෙගුරුන් හමුවේ සිත නිහඬයි
නුඹ මියැදෙන බව දැන දැන සිතකින්
නෙලාගම්ද සොඳුරේ කෙලෙසින්

මා තුරුලට ගෙන සුරතල් කරනට
අහිමි වුවත් මට සොඳුරු වරම්
අන්සතු උයනක නුඹ හිනැහෙනයුරු
දැක තුටු වෙමි නැවතී මෙතෙකින්",නැගෙන බිඳෙන හැම සමුදුරු රැලි මත නුඹෙ මුව හිනැහෙනු මා දුටුවා,සැම විට ඔබව මගෙ සිහියට නැගුණා
මනමේ කුමාරී,කසුන් කල්හාර,Radical Premaya,2004,['Kasun Kalhara'],"කඩුව එපා නුඹේ දෑත දියන් මට මනමේ කුමාරී

කෝල කොමල් මල් දාම සදිසි
නුඹේ දෑත දියන් සුකුමාලී //
මනමේ කුමාරී
ප්‍රේමිය මනමේ කුමාරී මනමේ කුමාරී

වාත වේග හී සර හුරු මට
මෙය අදහා ගන්නට බැරි දෙයකී
ආල නුරා මල් හී මෙතරම්
ඇයි නපුරු කියාපන්
ප්‍රේමිය මනමේ කුමාරී //

කෝල කොමල් මල් දාම සදිසි
නුඹේ දෑත දියන් සුකුමාලී //
මනමේ කුමාරී
ප්‍රේමිය මනමේ කුමාරී මනමේ කුමාරී

සීත සඳුන් ලා දළු සීතල
නුඹේ තවය තවරා හෙමින් හිනා වී
දෑත් දියන් නුඹේ කඩුව නොවේ
ලොව දිනන්න කුමාරී
ප්‍රේමිය මනමේ කුමාරී

කෝල කොමල් මල් දාම සදිසි
නුඹේ දෑත දියන් සුකුමාලී //
මනමේ කුමාරී
ප්‍රේමිය මනමේ කුමාරී මනමේ කුමාරී",නුඹේ දෑත දියන් සුකුමාලී,ඔබෙ කැමැත්ත මා හට ලබාදෙන්න
මල් වරුසාවේ,කසුන් කල්හාර,නින්නාද,2017,['Kasun Kalhara'],"මල් වරුසාවේ පාවී එන්නම්
රෑ අදුරේ...තරු කැට අතරින්
ඔබ එනවානම් - රැදෙන්නම් සිතේ
සීත රැයේ තනිකම නොදැනේ...
නිල් ආකාසේ...පාවී එන්නම්...
පාවී එන්නම්.....

පිණි දිය විසිරුනු ගං ඉවුරේ
දිය රල බිදුනේ ගී හඩ සේ..
ඔබ මා වූ සිහින පැලේ
සෙනෙහේ දැනුනේ...
මල් වරුසාවේ...පාවී එන්නම්
පාවී එන්නම්.....

මල් වරුසාවේ පාවී එන්නම්
රෑ අදුරේ තරු කැට අතරින්
ඔබ එනවානම් රැදෙන්නම් සිතේ
සීත රැයේ තනිකම නොදැනේ
නිල් ආකාසේ...පාවී එන්නම්...
පාවී එන්නම්...",රෑ අදුරේ...තරු කැට අතරින්,ඔබ බාධක වලින් නොසැලී සිටී නම්
ඔබ පිපුණා,කසුන් කල්හාර,unknown,unknown,['Kasun Kalhara'],"ඔබ පිපුණා මගෙ නෙත් රිදෙන මානේ
ඔබ සැළුනා මගෙ සුසුම් වැල් ගානේ
ඔබ දිලුනා මේ තරු වැරූ අහසේ
ඔබ රැඳුනා මගෙ සොඳුරු සිහිනයේ

ආදරේ මං මේ දකින සිහිනෙට
හතරවට මල් පිපෙන මේ සිහිනෙට
නෙලා ඒ මල් සිහින මේ සිහිනෙට
මටම මා රැවටෙනා සිහිනෙට..

ඇසෙන්නේ ඔබ මුමුණනා වදනුයි
දැණෙන්නේ මේ ඔබ එවූ මද පවනයි
වෙලෙන්නේ මා වටා ඔ‍බෙ මුදු දෑතයි
සැලෙන්නේ සිත අවදි වේ යැයි බියටයි..",ඔබ සැළුනා මගෙ සුසුම් වැල් ගානේ,සැම විටම ඔබව මතක් වුණි
ඔබෙ සිත මා සිත,කසුන් කල්හාර,unknown,unknown,['Kasun Kalhara'],"ඔබෙ සිත මා සිත වෙන් කළ
සිතුවිලි සංගිලි පාලම
ඒ මේ අත වැනෙනා
චකිතය සිත තනනා

ඇඟ සමබර කර එන්නෙ කොහොමද
හමනා විට ආදරේ කුණාටුව
ඇඳගෙන වැටුනත් හිතට දුකක්නම් නෑ
ඔබගේ සෙනෙහස දිය සුළියේ සිරවී
මා මියදුනත් කමක් නෑ

කීරි ගැහෙන කන් අයා සිටින්නද
බිදෙනා විට පාළමේ රැහැන්පට
දෑස පියාගෙන මං පියවර මැන්නා
ඔබ මා අතැඟිළි හමුවූ විගසකිනා
අප සිත් වෙන් කළ පාලම බිඳුණා",සිතුවිලි සංගිලි පාලම,මනසට නැගෙන සිතුවිලි ඉක්මනින් වෙනස් වන සුළුය
සොදුරු සිතුවම්,කසුන් කල්හාර,Radical Premaya,2004,['Kasun Kalhara'],"සොදුරු සිතුවම් - කුරුළු ගී වැල්
සුවඳ මල් රොන් - සිහිල් නලරැල්
එක මිටින් ගෙනැවී...
ඔබේ හි‍‍‍තේ ඉහිරමි...//

මේ දාහයේ දාඩියරේ
හිරුගේ මඟ අවුරා...
සද ගෙනැත් තබමින්
සද එලිය නාමින්...

සොදුරු සිතුවම්...//

රතු පාට හැන්දෑවේ
දෑ‍ස දෙස නොබලා...
වෙන්වෙලා අවුදින්
සිහින සිතුමිනකින්...

සොදුරු සිතුවම්...//",හිරුගේ මඟ අවුරා... සද ගෙනැත් තබමින්,සවස් කාලය උදාවී ඉර බැසගොස් හද පායයි
සඳ මිතුරි,කසුන් කල්හාර,Sanda Mithuri,2012,"['Kasun Kalhara', 'Raj Thillaiyampalam']","ඉගිලෙන්න ඔබ එක්ක ආකසේ
විදගන්න ඒ සිසිල ම සිත්සේ
මට දෙන්න ඒ වරම කවදාද ඔබ එන්නෙ පිනි බින්දු මල් වහි අරන්
සඳ මිතුරි සිත මිහිරි කල මැනවි
බිදු කදුලු පිනි පොකුරු කල මැනවි...

මට මම ම වී ඉන්න ලොකෙන් බිදක් නොදෙන
ඈතට වෙලා අපි අපිම වී ඉතින්
නව ලොවට මුල් අනු දෙන්න
මිල නොවන පෙම් කවිය පබදන්න
පිනි වැස්ස වස්සන්න මද්දහන තෙත් වෙන්න
ආදරය දලු ලන්න මිහිකත මතින්
සිහිනෙ සරනා..සිහිනෙන් දැවෙනා..

ඉගිලෙන්න ඔබ එක්ක...

ජීවිතය විදගන්න ලොකෙන් ඉඩක් නොදෙන
ඈතට වෙලා තෙමෙමු පිනි වැහි පොදින්
ප්‍රේමයට ප්‍රේමය වෙන්න
නිල නොවන ජිවිතය පුබුදන්න
පිනි වැස්ස වස්සන්න මද්දහන තෙත් වෙන්න
ආදරය දලුලන්න මිහිකත මතින්
සිහිනේ සරනා කිරණින් දැවෙනා..",ආදරය දලු ලන්න මිහිකත මතින්,නව ප්‍රෙමයක් හටගැනීම
වළාකුලක් වී,කසුන් කල්හාර,unknown,2001,"['Charith Vidarshana', 'Senadheera', 'Kasun Kalhara', 'Kasun Indrachapa']","වළාකුලක් වී නිල් අහසේ//
පාවී යන්නම් නිදහසේ සුළඟේ//

මදු බදුන් පිරී ඉතිරී
ඈ රුව බොදවී මැකී යයි
රෑ අදුරේ සාගරයේ වෙරලේ

පාවී යන්නම් නිදහසේ සුලගේ
පාවී යන්නම් නිදහසේ සුලගේ

වලා කුලක් වී නිල් අහසේ
වලා කුලක් වී නිල් අහසේ

පාවී යන්නම් නිදහසේ සුලගේ
පාවී යන්නම් නිදහසේ සුලගේ

තරු ගලා වැටී දියවී-තනිකම මතුවී නිවී යයි
මේ මොහොතේ නදී දියේ සිහිවේ

පාවී යන්නම් නිදහසේ සුලගේ
පාවී යන්නම් නිදහසේ සුලගේ

වලා කුලක් වී නිල් අහසේ
වලා කුලක් වී නිල් අහසේ

පාවී යන්නම් නිදහසේ සුලගේ
පාවී යන්නම් නිදහසේ සුලගේ",වළාකුලක් වී නිල් අහසේ,තමාගෙ කැමැත්ත පරිදි ඕනැම විදියකට හැසිරීමෙ නිදහස
රෑ අහසින්,කසුන් කල්හාර,The Romantic Opera,2008,['Kasun Kalhara'],"රෑ අහසින් වැටෙනා
බින්දු බින්දු පිණි බින්දු
නොපිපි මල සොයනවා
මුවා වී ඉන්න එපා
හරි සීතයි
සීතලයි පින්න

සිප ගන්න බයෙන්
මහ පොළොව
පිණි බින්දු හඬනවා
නිම්නාද දී
දෙතොලතර ඉඩ දෙන්න
නවාතැන්පල වෙන්න
හරි සීතලයි පින්න

අනෝරා පිණි යටින්
තෙමි තෙමී ඇවිදින්න
ගිනි නැගෙනා ආත්මය
පිණි දියෙන් දෝවන්න
සිරුරතර ඉඩ දෙන්න
නවාතැන්පල වෙන්න
හරි සීතලයි පින්න",ගිනි නැගෙනා ආත්මය පිණි දියෙන් දෝවන්න,සිතට සැනසීමක් ලබාදීම උදෙසා
ගලන ගඟකි ජීවිතේ,නන්දා මාලනී,Atha Kandu Yaye,1990,"['Narada Dissasekara', 'Nanda Malini', 'W. D. Amaradeva', 'Chandraratne Manawasinghe']","ගලන ගඟකි ජීවිතේ
දයාලූ ලෝකයේ...//
මිහිර පතා ආදරේ
ලපළු නටයි ගංතෙරේ...

වැලිතල කිති කවන නටන
පෙම් රළ වැළ ඉවුරු බඳින..
මිහිතලයට සුවය දැනෙන
උකුළු තලය බඳු නැලැවෙන..

ගලන ගඟකි ජීවිතේ...//

පෙමට පෙම පුදා..
තුඩට තුඩු දිදී..//
කුරුළු ගී නගයි...
ආ..දරේ..බැදීලා..

ගලන ගඟකි ජීවිතේ...//",ගලන ගඟකි ජීවිතේ,ජීවිතය වෙනස් වන බාධක ඇති දිගටම පවතින දෙයකි
ආදරයේ වේදනාව,නන්දා මාලනී,Best of Nanda Malini Vol. A,1991,['Nanda Malini'],"ආදරයේ වේදනාව
හදට දැනුනු යම් මොහොතක
හුදකලාව නොතැවී යලි
එන්න මා සොයා...
එන්න මා සොයා...//

දේදුනු පැහැයෙන් දිදුලන
ආදර විජිතය හැරදා...
රැගෙන පලා ගිය මොහොතක
නොතැවී යලි ඈ සිහිකර
එන්න මා‍ සොයා...
එන්න මා‍ සොයා...

ආදරයේ වේදනාව...//

ජීවිතයට මිහිර ලතැවුල
ඔබ තුරුලට ලංවූදා
නොතැවී හිද තනියහනේ
මතක සුලං රොදක එතී
එන්න මා‍ සොයා...
එන්න මා‍ සොයා...

ආදරයේ වේදනාව...//",මතක සුලං රොදක එතී,නිරතුරුව වෙනස් වන මතකය
ආලය වන්,නන්දා මාලනී,unknown,2017,"['Sunil Ariyarathna', 'Nanda Malini']","ආලය වන් මනරම් කවිකම් දෙන
සිතුමිණ කොඳ විස්කම්
හදවත් වී සමහම් නිගැයුම් කර
සිඳ බිඳලයි බව ගිම්..

පැණසර මහා බෝසතුන්
විරතට පැමිණ නොමින්
පබවත වෙත බැඳෙමින්
පුදදුන් උණු කඳුලින්
ආලය නම් මනුදම් අදහම් නිති
එතැනය සබය සුදම්

ආලය වන්…

සහලඟුරෙන් දැවෙමින්
පවසට පැන් දෙනුවෙන්
උරය පලා සතොසින්
පුද දුන් සිය රුහිරෙන්
ආලය නම් මනුදම් සුරකිම් නිති
එතැනය සුර ලොව නම්

ආලය වන්…",ආලය වන් මනරම් කවිකම් දෙන,ආදරය ඉතා ලස්සන දෙයකි
අහස සේ ඔබ අනන්තයි,නන්දා මාලනී,Best of Nanda Malini Vol. A,1991,"['Rohana Weerasinghe', 'Sunil Ariyarathna', 'Nanda Malini']","අහස සේ ඔබ අනන්තයි
සයුර සේ ඔබ අනන්තයි
මේ විශ්වයේ මා දකින්නේ……
ඔබම පමනයි ඔබ අනන්තයි

වෙන තතක් හැඩවෙන තැනක් ඔබ
මදු විතක් උතුරන තැනක් ඔබ
තෙලි තුඩක් දැවටෙන තැනක් ඔබ
පන් හිදක් ගැවසෙන තැනක් ඔබ

අඩ සදක් සැගවෙන තැනක් ඔබ
රළ පෙලක් පෙරලෙන තැනක් ඔබ
සිහිලසක් දනවන තැනක් ඔබ
උනුහුමක් ගෙන එන තැනක් ඔබ",අහස සේ ඔබ අනන්තයි,ඔබ ඉතා වටිනා පුද්ගලයෙකි
අහස ගුගුරා,නන්දා මාලනී,unknown,unknown,"['Nadeeka Guruge', 'Sumithra Rahubadda', 'Nanda Malini']","වසා ගං දොර
මගේ හිමියනි 
නුඹට රිසි නම්
යන්න යන්නෙමි
ආලයක් නැතී
තාලයක් නැතී 
විජිතයේ 
කටු ඔටුණු හැර යමී 
කාළයක් අපි ආදරෙන් සිටි
සොඳුරු මතකය අරන් යන්නෙමි

බැන්ද රන් දම්
මගේ ගෙල වට
මුදා විසිකොට
අඬන අහසට
මගේ සිහිනයේ
ඔබ නිදන් කොට 
කුරුටු ගී
දහසක් ලියන්නෙමී 

අහස ගුගුරා.. අකුණු පුපුරා
මගේ හිත වැන්දඹු වුනා",විජිතයේ කටු ඔටුණු හැර යමී,ජීවිතයෙ තනතුරු අතහැරීම
අරලිය ලන්දට,නන්දා මාලනී,Araliya Landata,1991,"['Nadeeka Guruge', 'Sumithra Rahubadda', 'Nanda Malini']","අරලිය ලන්දට – සඳ පායන කොට
තුරුලිය මල් වට – බඹරු බමන විට
සිය සිය සිය දහසට – ඇඟිලි ගණිනා මට
ඔබ ගැන සිහිවෙනවා.. එතකොට
ගී පද ලියැවෙනවා…

රඹවන් හේනේ – කරල් පැසෙන කොට
අඹ මල් ගානේ – ගිරව් හඬන විට
දොඹ තුරු මානේ – සෙවන දකින මට
ඔබ ගැන සිහිවෙනවා – එතකොට
සි ති විලි ඉගිලෙනවා…

අරලිය ලන්දට…//

දඬු‍වැල් බෑ මී – සුවඳ දැනෙන කොට
පඬුවන් අහසේ – තරු පායන විට
හැඬුමට නොහැකිව – දෙඇස වසන මට
ඔබ ගැන සිහි‍වෙනවා – එතකොට
සි හි නය උපදිනවා….

අරලිය ලන්දට…//",එතකොට සිතිවිලි ඉගිලෙනවා,පැරණි මතක සිහියට නැගෙයි
හද විල කලඹන,නන්දා මාලනී,unknown,1991,"['Nanda Malini', 'Dharmasiri Gamage']","හද විල කලඹන පෙම් ජල රේඛා
ඒ විල මැද සීතල සඳ රේඛා
දෑසේ තවරා ආදර රේඛා
ඔබ රුව සිහිනෙන් හද ඇඳි රේඛා

වරලස අක් බඹරුන් රැඳි රේඛා
දෙනෙතෙහි නිලූපුල් මල් පෙති රේඛා
දෙතොලෙහි ආදර හසරැලි රේඛා
ඔබ රුව සිහිනෙන් හද ඇඳි රේඛා

නීල පළිඟු කැට නෙත් මිණි රේඛා
බාල චන්දනී නළලත රේඛා
ආල නුරාවෙන් බැඳි රන් රේඛා
ඔබ රුව සිහිනෙන් හද ඇඳි රේඛා

දෑළ ළමැද රන් ගෝමර රේඛා
ඈත දි පෙන්වන කෝමල රේඛා
මෑත දි බැලූ වට ආදර රේඛා
ඔබ රුව සිහිනෙන් හද ඇඳි රේඛා",නීල පළිඟු කැට නෙත් මිණි රේඛා,ඉතා ලස්සන දිලිසෙන ඇස්
කලා වැවෙන් ගත්,නන්දා මාලනී,Hemanthayedi,2022,"['Sunil Ariyaratne', 'Nanda Malini', 'Stanley Peiris']","කලා වැවෙන් ගත් දිය දෝතක් සේ
වටී වටී ඔබ මටමැ වටී
බෝධියකින් වට බෝ කොලයක් සේ
අගී අගී ඔබ මටමැ අගී

කැටපත් පවුරින් ගිලිහුණු කවියක්
සොරකම් කරගත් සෙරක ලෙසින්
සඟවා ගෙන ඔබ සුරකිමි හද ගැබ
තනිවම කියවමි පදරුත් පසිඳමි

සමනළ සිරසින් විහිදුනු බුදු රැස්
සියැසින් දැක ගත් මෙහෙණක මෙන්
පරමානන්දය ලබමින් ඔබ ළඟ
සගමොක් සැපතෙහි අම රස වළඳමි",කලා වැවෙන් ගත් දිය දෝතක් සේ වටී,ඔබව මට ඉතාමත් වැදගත් කෙනෙකි
ඔබයි රම්‍ය සඳ කිරණ,නන්දා මාලනී,Sathyaye Geethaya,2022,"['Nanda Malini', 'Sunil Ariyaratne', 'H M Jayawardena']","ප්‍රේමයේ රුදුරු බව එයයි
මිදි යුෂ යැයි රැවටී හලාහල
විෂ බිව්වේ ඇයි මා…
පෙම් දැල මැද පැටලී සුසුම් ලා
මුලා වුනේ ඇයි මා…
ප්‍රේමයේ මධුර බව මෙයයි
ඔබයි රම්‍ය සඳ කිරණ
ඝණ අන්ධකාරේ…

ඔබයි රම්‍ය සඳ කිරණ
ඝණ අන්ධකාරේ…
ඔබයි සෞම්‍ය තරු එළිය
ගිම්හාන කාලේ…//

සදා නන්ද කරවූ
ඔබේ මධුර රාවෙන්
පිපී යාවී අරවින්දයක්
සේ තඩාගේ..

ප්‍රේමය නම් කිමැයි ඔබ මට කියාදුන්නේය
දැන් මගේ පරමාර්ථය ඔබය
මගේ පරමාදර්ශය ඔබය
මගේ ඒකායන ප්‍රාර්ථනය ඔබයි

ඔබයි රම්‍ය සඳ කිරණ..

උදා වූ සුපෙම් පත්
මුසුන් වී රැදේවා
මගේ පුංචි ලෝකේ
තැවුල් දුක් නොවේවා…

ප්‍රේමයේ ද්වාරය ඔබ මට විවෘත කලේය
දැන් මගේ අතීතය ඔබය
මගේ වර්තමානය ඔබය
මගේ උත්තරීතර අනාගතය ඔබය

ඔබයි රම්‍ය සඳ කිරණ
ඝණ අන්ධකාරේ…
ඔබයි සෞම්‍ය තරු එළිය
ගිම්හාන කාලේ…//",ඔබයි රම්‍ය සඳ කිරණ ඝණ අන්ධකාරේ,ඔබ මගෙ දිවියට සැනසීමක් උදාකර දෙයි
මිහිමඩලේ අදුරු කුසේ,නන්දා මාලනී,Sari Podiththak,1992,"['WA Abeysinghe', 'Nanda Malini']","මිහිමඩලේ අදුරු කුසේ
දිය උල්පත අම්මා…
අහස් තලෙන් මරු කතරට
වහින වැස්ස අම්මා…

නිල් දෙරණේ තුරුලිය මත
මල් සම්පත අම්මා…
තුරුලිය මත පිපි කුසුමේ
පල සම්පත අම්මා…
සිය දහසක් නෙක ලෝ දා
එලිය කරන අම්මා…

සොළොස් කලා පිරි පුරහද
එලිය කරන අම්මා…
සද නැති රෑ සක්වල තරු
එලිය කරන අම්මා…
උදා ගිරෙන් ලොවට වඩින
ළහිරු මඩල අම්මා…",මිහිමඩලේ අදුරු කුසේ දිය උල්පත අම්මා,අම්මා මාගෙ ජීවිතයට සැනසීමක් සතුටක් උදාකරයි
පෙරදා මහ රෑ,නන්දා මාලනී,Best of Nanda Malini Vol. A,1991,['Nanda Malini'],"පෙරදා මහ රෑ මා සිහිලැල් උර මඬළේ
මුහුණ හොවා ගෙන ළසොවින් වැළපුන
ඔබේ විඩාපත් නෙතින් ගලා ගිය
කඳුළක කැළලක් ඉතිරි වෙලා

උරහිස තැවරී වියැළුණු කඳුළෙන්
ඔබගේ සුනරුත් පැතුමක ගිණි ඇත
සදා දැවෙන්නෙමි ඒ ගින්නෙන්

පෙරදා මහ රෑ…

ඔබහට පෙම් කළ යුගය නිමා කර
වෙන් වී යන්නට දවස පැමිණ ඇත
සමාව දෙන් මට සෙනෙහෙ සිතින්

පෙරදා මහ රෑ…",ඔබගේ සුනරුත් පැතුමක ගිණි ඇත,ඔබගෙ රාග සිතුවිල්ල තවම මතකයෙ ඇත
මලේ සුවඳ වාගේ,නන්දා මාලනී,unknown,unknown,['Nanda Malini'],"මලේ සුවඳ වාගේ මල මතම රැඳී
විලේ ජලය වාගේ විල තුළම රැඳී
සඳේ සදාතන ආදර සිසිල වැදී
අපේ ආදරේ පවතී සුවඳ දිදී

කල්ප කාල මං තල වල හිනා වෙවී
කල්ප කාල දුර ආවා වෙනස් නොවී
සෙනේ සිතින් ළඟ ඉඳගෙන කතා වෙවී
පැතූ පැතුම් මල් වරුසා හෙටත් වහී

හිතේ වෙලෙන ලෙන්ගතු කම කියා දිදී
පෑව සිනා දුටු දා සිට පෙමින් වෙලී
මහා මෙරක් සේ මා සිත නොහැර සිටී
නුඹෙන් තොරව ආදරයක් සිතනු බැරී",මලේ සුවඳ වාගේ මල මතම රැඳී,වෙන්නොවන නැතිවී නොයන දිගටම පවතින දෙයකි
ලොවම එපා වී,නන්දා මාලනී,Best of Nanda Malini Vol. A,1991,['Nanda Malini'],"ලොවම එපා වී
ලොවම කලකිරී
දැවී දැවී හිදිනා වේලේ
ඔබේ දයාබර එකම වදනකින්
මගේ ආත්මය සුවපත් වේ

අසා අසෝබන නින්දා ගැරහුම්
වැලහින්නක සේ වැලපෙන මොහොතේ
පවනේ පාවෙන ඔබේ සුවදකින්
පිපාසිත වූ හද සිහිලැල් වේ

ලොවම එපා වී…

ලබා නොමිනිසුන් නගනා ගෙරවුම්
මුවැත්තියක සේ බියපත් මොහොතේ
සිරුරේ තැවරෙන ඔබේ සුසුමකින්
මුළු ගැන් වුන සිත උණුසුම් වේ

ලොවම එපා වී…",වැලහින්නක සේ වැලපෙන මොහොතේ,දැඩි ශෝකයකින් මහ හඩකින් හැඩීම
උඬගු ලියන් ගොතා බඳින,නන්දා මාලනී,unknown,unknown,"['Nanda Malini', 'Dharmasiri Gamage']","උඬගු ලියන් ගොතා බඳින
නීල වරල සරසන්නට
මා පිපුනේ නැත..........
මේ දෙරණේ...//

හිස් මිනිසුන් කුස් පුරවන
සිත් පිනවන
බස් දොඩවන
බොජුන් මේස මත...
සුවඳ හලන්නට
මා පිපුනේ නැත...
මේ දෙරණේ

උඬගු ලියන්..

රට වෙනුවෙන් සටනට වැද දිවි දුන්
රණවිරුවකුගේ අවසන් ගමනට//
යන මහජනතා පා දූවිල්ලෙන්//
තැලී වෙලී සැනහී මියයන්නෙම්...

මගේ පරම පැතුම එයයි///
එමගට මා විසි කරන්න..........",හිස් මිනිසුන් කුස් පුරවන,නොවැදගත් මනසින් උසස් නොවන පුද්ගලයන්ගෙ රුචිය සන්සිදු වීමට
පූජාසනයේ ඔබ හිඳුවා,නන්දා මාලනී,Best of Sunil Ariyaratne Vol. 04,2022,"['H M Jayawardena', 'Nanda Malini', 'Sunil Ariyaratne']","පූජාසනයේ ඔබ හිඳුවා
ඔබට පුදන මේ ලෝකයමයි හෙට
ඔබට එරෙහි වී නැගිටින්නේ
පූජාසනයේ ඔබ හිඳුවා

ඉසුරින් කිත් යසසින් බබළන දා
ඔබගේ බැණුමත් ගීයක් වේ
ඉසුරින් කිත් යසසින් පිරිහුණු දා
සිනාසුණත් එය වරදක් වේ

පූජාසනයේ...

කිරියෙන් පැණියෙන් උතුරා යන කළ
ලොව ඔබ පාමුල හඬා වැටේ
අත මිට හිඟ වී බෙල සුන් වන කළ
ලොව ඔබ හිස මත කඩා වැටේ

පූජාසනයේ...",ඔබගේ බැණුමත් ගීයක් වේ,දෝශාරෝපණ නරක බලපෑම් ඇති නොකරයි
පීදෙන ගොයමේ,නන්දා මාලනී,Dinapathi Hinaheva,2014,['Nanda Malini'],"පීදෙන ගොයමේ නෑබූල් සුවදින් ඔකද වෙලා
එගොඩ ගොඩේ ඔබ කවි කියනා විට පැලට වෙලා
දුනුකේ ඉහිරුනු නිල් තණ පලසේ වාඩි වෙලා
මෙගොඩ ගොඩේ මම අසා සිටින්නම් උදේ හවා

ගමට ඇසෙන්නට කවි කීවත් ඔබ රසට ගොතා
කොහොම කියන්න්න්ද මගේ කවිය මම කෑ ගසලා
කවිය මගේ හඩ නොනැගේ හිත පතුලෙ තව සැගවේ

වැටකොට බැද ඇති පැලට උඩෙන් මගෙ ඉගිල්ලිලා
මගෙ කවිය ගැන ඔහුට කියනවද වසන් වෙලා
මඩිස්සලේ හදිස්සියෙ පැලේ දොරෙන් වරෙන් අනේ",මගේ කවිය මම කෑ ගසලා,මගෙ ජීවිත කතාව ප්‍රකාශ කළ නොහැක
සඳ මල පිබිදුනු,නන්දා මාලනී,Best of Nanda Malini Vol. A,1991,['Nanda Malini'],"සඳ මල පිබිදුනු නිල් කදුරැල්ලක
රන්තරු පොකුරක මල් ඇතිරිල්ලක
හසරැල් කැල්මක දුක් කදුරැල්ලක
තනිවෙමු දෙසිතෙහි එක සිතුවිල්ලක..

හඬා වැටෙන විට නෙතු යුග තෙත්වී
සිනා පොදක් වෙන්නම්..
සිනා නගන විට පැතුමන් දැල්වී
කදුලින් සුරකින්නම්..
‍‍
සඳ මල පිබිදුනු...//

වියෝ දුකට සුසුමට මග අහුරා
හදේ ලැගුම් ගන්නම්..
රැදී නිබඳ පන නල මෙන් දැවටී
දිවි ඇති තුරු ඉන්නම්..

සඳ මල පිබිදුනු...//",හදේ ලැගුම් ගන්නම්,ඔබට වැදගත් වටිනා පුද්ගලයෙකු වන්නම්
සරුංගලේ වරල් සැලේ,නන්දා මාලනී,Best of Sunil Ariyaratne Vol. 05,2022,"['Sunil Ariyaratne', 'Nanda Malini']","සරුංගලේ වරල් සැලේ නිසංසලේ ගුවන් තලේ
අපෙන් මිදී වෙන රටකට යන්න හදන්නේ
උපන් බිමට වැඩිය තැනක් කොහෙද තියෙන්නේ

සරුංගලේ බට පතුරින් නුඹ සැදුවේ අපේ ළමයි
සරුංගලේ පාට උලා දැඩි කෙරුවේ අපේ ළමයි
සරුංගලේ කොළ අලවා හැඩ කෙරුවේ අපේ ළමයි
සරුංගලේ නුඹ අහසේ අපේ ළමයි තාම බිමයි

සරුංගලේ නුඹ වෙනුවෙන් ගුටි කෑවේ අපේ ළමයි
සරුංගලේ නූල් යොදා උඩ ඇරියෙත් අපේ ළමයි
සරුංගලේ උඩ ගිය දා මතක නැතේ අපේ ළමයි
සරුංගලේ නුඹ වාගෙයි රට හැර යන අපේ ළමයි",සරුංගලේ නුඹ වාගෙයි රට හැර යන අපේ ළමයි,මෙ රටින් පෝශනය වී හැදී වැඩී ඉගෙන ගෙන පිටරටක පදින්චි වීමට යන පුද්ගලයන්
රන් කෙන් දෙන් බැඳ,නන්දා මාලනී,Best of Nanda Malini Vol. A,1991,['Nanda Malini'],"වින්ද මෙවන් දුක මෝඩ මනු ලොව
ඇද්ද වෙන අඟනා..
තිලෝපාලනා.. දෙවිඳුනි මා..
රකිනු මැනා

රන් කෙන් දෙන් බැඳ
අතැඟිලි එක්කළ ආදරයයි
පෙම් රැහැනෙන් බැඳ සිතුම් වසඟ කළ
ආදරයයි

කිරිලිය සේ දුර පියාසලාලා
අත්තටු රිදුණා පමණයි
දෑල විදාහළ දෑත මගේ
නුඹටත් ඔහුටත් උරුමයි

හිරු සඳු එකවර දෙපස නැඟේ
කළුවර ඇයි විජිතයම මගේ
කණාටු සුළඟේ දුහුළු මලකි ඈ
වල්මත් වී පාවෙන්නේ
ඔබගෙන් දෝ
ඔහුගෙන් දෝ

මා හෙට දින සමුගන්නේ..",කිරිලිය සේ දුර පියාසලාලා,බැදීම් හා නීති රීති වලින් මිදී ඈතට යාම
සංසාර සාගරේ,නන්දා මාලනී,unknown,1991,['Nanda Malini'],"සංසාර සාගරේ - ජීවිතේ යාත්‍රාව
ඔබ සොයා පදවන්නෙම්..
ඔබ නිසා පදවන්නෙමි..

ප්‍රදීපාගාරයක ආලෝක වලල්ලක් ගෙවාලා
ඔබ සිටින ගොඩ බිමෙහි - මං ලකුණූ දන්වන්න
නැංගුරම් ලන තැනක - පෙනෙන සේ ඔබ ඉන්න...

සංසාර සාගරේ...//

වෙරළවෙත සැපත් මා දෝත පා පිළිගන්න සිනාසී...
දුර්ග වූ ගමන්මඟ - විඩාගිනි දුරලන්න
යාත්‍රාව පදවන්න - මා සමඟ එක්වන්න

සංසාර සාගරේ...//",සංසාර සාගරේ ජීවිතේ යාත්‍රාව,සන්සාරයෙ දිගටම ගමන්ගැනීමට තාවකාලිකව ජීවිතය යොදාගනී
තරුද නිදන මහ රෑ,නන්දා මාලනී,Top Sinhala Songs Vol. 56,2020,"['Nanda Malini', 'Rohana Weerasinghe']","තරුද නිදන මහ රෑ
නිදමි ම හද නිදි නෑ
මතක පොතේ කඳුළින් කටු ගෑ
කවි කියවෙයි මහ රෑ

පිණි විසිරෙන විට වටහා ගනු මැන
දෙනෙතින් කඳුළැලි ගලන තරම්
රෑහි හඬන විට හඳුනා ගනු මැන
රෑ තුන් යාමේ හඬන හැඩුම්

තරුද නිදන මහ රෑ…

සුළඟ නොවේ මේ පාවී එන්නේ
කුටියක සිරවී හෙලන සුසුම්
අතු අග පරවී බිමට වැටෙන්නේ
සමනළ යුගයක පිපුණු කුසුම්

තරුද නිදන මහ රෑ…",සමනළ යුගයක පිපුණු කුසුම්,සැපවත් දුක් ගැහැට අඩු කාලයක ජීවත්වන පුද්ගලයන්
සැඳෑ කළුවර කුර ගගා විත්,නන්දා මාලනී,Best of Nanda Malini Vol. A,1991,['Nanda Malini'],"සැඳෑ කළුවර කුර ගගා විත්
ඔබේ පැල්පත මගේ දසුනෙන්
ඈත් වූ සඳ මගෙ සරා සඳ
තනි වෙලා මා තනි වෙලා…..

වළාකුලකුදු නොමැති අහසේ
මලානික වූ මගෙ සිතුවිලි
ගල් ගැසී ඇත පාළු වී ඇත
අදුර පමණක් රජ වෙලා……..

සැඳෑ කළුවර කුර ගගා විත්
ඔබේ පැල්පත මගේ දසුනෙන්
ඈත් වූ සඳ මගෙ සරා සඳ
තනි වෙලා මා තනි වෙලා…..

ඔබේ ලෝකය මගේ ලෝකය
අතර ඇත්තේ රැයක් පමණයි
ගව් ගනන් දුර ජීවිතේ බර
මගේ හිස මත බරවෙලා………

සැඳෑ කළුවර කුර ගගා විත්
ඔබේ පැල්පත මගේ දසුනෙන්
ඈත් වූ සඳ මගෙ සරා සඳ
තනි වෙලා මා තනි වෙලා…..",ඔබේ පැල්පත මගේ දසුනෙන්,ඔබගෙ ජීවිතයෙ මාගෙ චරිතය
රුක් අත්තන මල මුදුනේ,නන්දා මාලනී,Best of Nanda Malini Vol. A,1991,['Nanda Malini'],"රුක් අත්තන මල මුදුනේ
ඹමරු නටන හැන්දෑවේ
සැදෑ අදුර පියමන් කර - කවුරුද එන්නේ
පුතුනි බලන් යොමා නුවන්
කවුරුද එන්නේ...

මුතු පිණි දැල් සැලෙන ඔබේ
උදා දිමුතු හිරු එලියේ..
පුතුසවනට රහස් කියා - පියමන් කරලා
අප වෙනුවෙන් දවස ගෙවා - වෙහෙසී එන්නේ

රුක් අත්තන මල මුදුනේ...//

පතොක් වැටිය උඩින් වැදී
දිවයුරු මිය යන මොහොතේ
පුරා හදක් සේ ඈතින් කවුරුද එන්නේ..
පුතුනි බලන් යොමා නුවන් කවුරුද ‍එන්නේ..

රුක් අත්තන මල මුදුනේ...//",පුරා හදක් සේ ඈතින් කවුරුද එන්නේ,පවුලට වටිනා වැදගත් පුද්ගලයෙකු වන තාත්තා පැමිණෙයි
ඇයි මස්සිනේ පෙම් කලේ අපි එක මලට,එඩ්වඩ් ජයකොඩි සමග සුනිල් එදිරිසිංහ,pinna malee,unknown,"['Edward Jayakody', 'Sunil Edirisinghe', 'Wasantha Kumara Kobawaka', 'Rohana Weerasinghe']","පලංචියේ ලී ඉරුවේ අපි එකට
මල් පැන් පොදක් රහ බැලුවේ අපි ‍එකට
එක වාඩියේ කල් ඇරියෙත් හිත හොදට
ඇයි මස්සිනේ පෙම් කලේ අපි එක මලට

විරසක වී රුපුන් ලෙස යුද වදින්නද
කුළුදුල් පෙම මෙයයි ඉන් අත් ‍මිදෙන්නද..
පෙම්දම් නිසා මිතුදම් සිඳ දමන්නද..
හොදහිත නු‍ඹෙ තරම් ලොවකින් ලබන්නද..

පලංචියේ...//

දොඩමලු කතා නැහැ අද වාඩිය හෙවනේ
නිදිනැති රැය පුරා නුඹෙ සුසුමයි ඇසුනේ..
හොර රහසින්ම එක සුවඳක් පැතු පවනේ
නුඹවත් නැතිවේද හෙට මට සකි සඳුනේ...

පලංචියේ...//",පෙම් කලේ අපි එක මලට,එකම කාන්තාවකට ආදරය කිරීම
චන්ද්‍ර මණ්ඩලේ,සුනිල් එදිරිසිංහ,Top Sinhala Songs VOL. A (Live),2020,"['Sunil Edirisinghe', 'Rohana Weerasinghe']","චන්ද්‍ර මණ්ඩලේ සැතපුණ පුංචි සාවියේ
මන්ද කියාපන් නොකියා හැංගිලා ගියේ
පාන නිවුන සේ පාළුයි ලැයිම් කාමරේ
මන්ද නුඹ ගියේ කියපන් පුංචි සාවියේ

ලාබ රත්තරන් දිලිසෙන පාළු වීදියේ
ගෑනු ළමයි පියාඹලා ඉස්සරත් ගියේ
උන්ට සෙයිලමේ මඟතොට පාර වැරදුණේ
අන්න ඒ නිසයි මට දුක රත්තරන් දුවේ

මාල බැඳන් සුදු යකඩෙන් රෝස මල් වනේ
මාල ගිරව් ගේ දොරකඩ සිංදු කිව් වෙලේ
හීනෙනුත් හිතුනෙ නෑ මට මොකද කාරණේ
පාර මතක නං තාමත් ගේ ලඟයි දුවේ",චන්ද්‍ර මණ්ඩලේ සැතපුණ පුංචි සාවියේ,රාත්‍රියෙ නිදාගත් ගැහැණු ළමයෙකු ගැන
චන්ද්‍ර මඬල,සුනිල් එදිරිසිංහ,Top Sinhala Songs Vol. 08,2020,"['Sunil Edirisinghe', 'Rohana Weerasinghe']","චන්ද්‍ර මඬල බැද්ද වටින් මෝදු වෙලා
කළු නැන්දගෙ දුව යන්ට ගියා බැල්ම හෙලා
බැල්ම හෙලා....

පාළු පැලේ.... අඳුර පිරේ
මගෙ පැලට වරෙන් හනික සෝඩි නගේ 

දුරුතු හඳේ.... සිහිල වගේ
තනි හිතට මගේ පාළු දැනෙයි නගේ",පාළු පැලේ.... අඳුර පිරේ,මගෙ පාලු සිතට තනිකම දැනෙයි
අවපස අහසක,සුනිල් එදිරිසිංහ,Top Sinhala Songs VOL. A (Live),2020,"['Sunil Edirisinghe', 'Rohana Weerasinghe']","අවපස අහසක තරු ලකුණක් සේ
අපමණ සයුරක තුරු දසුනක් සේ
දිගු දිවි ගමනේ..ඉම ඔබ රැඳුණේ //

මාවත අවහිර නිමවා
දළ රළ පෙල සැතපෙනවා
සැළමුතු සෙනෙහස මඳ පවනක් වී
ගැඹරේ නිම මුමුණනවා

අවපස අහසක...

දෝතක අසෙනිය ගවසා
ඔබ පෙරමඟ හිනැහෙනවා
විකසිත සිහිනේ සුබ කවියක් වී
දෙනෙතේ සිත ලියැවෙනවා

අවපස අහසක... //",අවපස අහසක තරු ලකුණක් සේ,ඉතාමත් පැහැදිලිව දර්ශණය වෙයි
අළුත් වැස්සක්,සුනිල් එදිරිසිංහ,Top Sinhala Songs Vol. 01,2019,"['Sunil Edirisinghe', 'Rohana Weerasinghe']","අළුත් වැස්සක් වහින්නට සැරසේ
පුරුදු ආකාසේ
දිගු කාලයක් නිහඬ වී සිටි නුඹ වාගේ
අළුත් වැස්සක් වහින්නට සැරසේ

අහස වැසි වසිනා නමුත්
කවදාද ඒ වැහි වහින්නේ නොදනිම්
නියං කල සැමදා නැතත්
කවදාද නියඟය ගෙවෙන්නේ නොදනිම්
දුකක් වින්දොත් සැපත් ලඟමයි
දිය දහම ඒ විලසයි

වළාකුළු අහසට ඇවිත්
මොනවාද මේ හැටි කරන්නේ සරදම්
ඇහේ තෙරපෙන දුක නිවා
කවදාද වැහි බිඳු ගෙනෙන්නේ සැනසුම්
දුකක් වින්දොත් සැපත් ලඟමයි
දිය දහම ඒ විලසයි",නියං කල සැමදා නැතත්,දුකින් සහ කරදර සැමදාම පවතින්නෙ නැත
ඇසුවේද කවුරුන්,සුනිල් එදිරිසිංහ,Top Sinhala Songs Vol. 05,2020,"['Sunil Edirisinghe', 'Rohana Weerasinghe']","ඇසුවේද කවුරුන් හෝ ඔබෙන්
හැඬුවේ ඇයිද ප්‍රේමේ නමින්
විමසා නැතිද කිසිදා ඔබත්
කඳුලින් තුරන් වූ ප්‍රේමයක් //

සතුටේ උපත කඳුලයි සදා
හද වේදනා දෝතින් ගෙනා //
පවනේ සිසිල සුසුමයි සිතේ
පෙම් ප්‍රාර්ථනා විඳදා ගෙනා

ඇසුවේද කවුරුන් හෝ …

පිපි මල් මතින් පියමං කලෝ
දිනුවේද කවදා ප්‍රේමයෙන් //
විඳි වේදනා සතුටින් දරා
පැරදී ගියේ කවුදෝ එයින්

ඇසුවේද කවුරුන් හෝ … //",පිපි මල් මතින් පියමං කලෝ,බාධක වලට මුහුණ නොදී පහසු මාර්ගය තෝරාගත් පිරිස්
අහසයි ඔබ මට,සුනිල් එදිරිසිංහ,Top Sinhala Songs Vol. 01,2019,"['Deepika Priyadarshani', 'Sunil Edirisinghe']","අහසයි ඔබ මට නිම් හිම් නොපෙනෙන
ඉණිමං බඳිනු බැරී
පොළොවයි ඔබ මට තරුවක් විලසට
රෑ කල පතිත වෙමි //

ගඟේ වතුර නෑ ඉහලට ගලා ගියේ
අසිනි හඬින් නෑ කඳු බිම් සසල උනේ
ගඟ කවදා හෝ මුව දොර හමු වෙනවා
ලොව කැලඹුණු දා කඳු බිම් හැකිලෙනවා

අහසයි ඔබ මට...

අනාත සයුරට වැහි දිය දෝත ඔබයි
අගාධ අඳුරක දුල රන් සිළුව ඔබයි
ඔබ මට ලඟ බව ඉඳුරා මම දනිමී
ඔබ වට කහවනු පවුරට මහ දුරකී

අහසයි ඔබ මට... //",අහසයි ඔබ මට නිම් හිම් නොපෙනෙන,ඔබ මගෙ ජීවිතයෙ වටිනා වැදගත් තැනක් උසුලයි
අනේ යාල් දේවී,සුනිල් එදිරිසිංහ,Best Of Vasantha Kumara Kobawaka Vol. 01,2021,"['Sunil Edirisinghe', 'H M Jayawardena', 'Vasantha Kumara Kobawaka']","අනේ යාල් දේවී
නෑ ගමන් ගියේ නෑ බෝ කලෙකින්
හිස පලඳනාවේ තිබුනා ලියලා කන්කසන්තුරේ කියලා
අනේ යාල් දේවී

පොර කුකුලන් රඟනා දෙමංසලේ
අපි ආගිය මඟතොට වල් වැදිලා
කටු පඳුරු වැටෙන් දුර ඈත ඉමේ
මුතු පවුර ගිලී මුහුදටම ගිහින්

අනේ යාල් දේවී...

කොට්ට කෙලෙංගුයි තල් හකුරුයි
හරි මාත්තුවට ගෙන රස බලනා
නුඹෙ සංගුව වදිනා තුරු ඉන්නේ
අපි හැබෑවටම නෑගම් එනකම්

අනේ යාල් දේවී... //",කටු පඳුරු වැටෙන් දුර ඈත ඉමේ,අපට ඇතුලු විය නොහැකි අනවසර ප්‍රදෙශයෙහි
අහස පොළව,සුනිල් එදිරිසිංහ,Top Sinhala Songs Vol. 02,2020,"['Rohana Weerasinghe', 'Sunil Edirisinghe']","අහස පොළව වටපිටාව හරිම හිස්තැනක්
ගහක් කොලක් දියක් නොමැති කාන්තාරයක්
ඇදී එන්න ඒ මොහොතේ හඬා වැටෙන හද මඬලට
ඔබයි මමයි ඉන්නා තැන කොහෙද තනිකමක්
නැහැනෙ තනිකමක්...

කණක මිණක තරුවක රුව
නොපෙණුනි ඔබ දකින තුරා
ලොවක සිරිය නොදුටිමි මා
ඔබෙ සෙනෙහස ලබන තුරා

අහස පොළව...

විලක දොලක සුව නොලදිමි
ඔබ මා හා රැඳෙන තුරා
මලක සුවඳ ඇත මසිතේ
ඔබ මා ලඟ සිටින තුරා

අහස පොළව...",මලක සුවඳ ඇත මසිතේ,සතුටු යහපත් හැගීම් මා තුල ඇත
දේවතාවියේ වැටුණෙද,සුනිල් එදිරිසිංහ,Top Sinhala Songs Vol. 10,2021,"['Rohana Weerasinghe', 'Sunil Edirisinghe']","දේවතාවියේ වැටුණෙද කඳුළු නුඹ නෙතේ
රැඳුණ මගෙ සිතේ දැනුණිය රිදුම නුඹ සිතේ
කියනු බැරි නුඹේ විමනද දුරය මට දැනේ
දකිනු රුව කෙසේ සිහිනය දිගුය අද දිනේ //

මැකුණු සිතුවමක් ඇඳ තෙලි තුඩින් යළි යළිත්
නෙතට රිදුවමින් බැලු බැලු අතක දිස් වෙමින්
නැවුණු සුබ හැඟුම් ඉතිරුණු තුහින තුන් යමින්
වඩියි නුඹ සිතට හිනැහී දෙව්දුවක් ලෙසින් ... දෙව්දුවක් ලෙසින්

දේවතාවියේ වැටුණෙද...

සඳ කැලුම් පෙරී ඇවිදින් කවුළු මත රැඳී
අඳුර මැද සිතේ තෙරපෙයි මුනිවතෙහි රැඳී
දකිනු බැරි නෙතට සැඟවූ සිරි විමන් වැඩී
සැලුව කඳුළු මුතු පොළොවේ මගෙ අතේ රැඳී ... මගෙ අතේ රැඳී

දේවතාවියේ වැටුණෙද...",සැලුව කඳුළු මුතු පොළොවේ,කාන්තාව වටිනා කදුළු සලමින් හැඩීම
දළින් අනින,සුනිල් එදිරිසිංහ,Top Sinhala Songs Vol. 08,2020,"['Rohana Weerasinghe', 'Sunil Edirisinghe']","දළින් අනින පයින් මඩින රුදුරු සැහැසිකම් කල ඇතු //
අන්න බලවු සැදැහැ සිතින් කරඞුව ගෙන යනවා
කරඞුව ගෙන යනවා //

දෙපයින් අහසට නැගෙමින හේෂාරව නද නැගු අසු //
අන්න බලන් ආදරයෙන් රජුට අසුන දෙනවා
රජුට අසුන දෙනවා //

අඟිනවුලා මුල් උදුරා ගුරු තවරා ගත් ගව දෙන //
අන්න බලන් මවක වෙමින් කිරි දෙන්නට එනවා
කිරි දෙන්නට එනවා //

නින්දා රළු බස් පහරින සසල නොවී නිසසල වන //
අන්න බලන් දැමුණු දනා //
නෙත රසඳුන් වෙනවා ////",නෙත රසඳුන් වෙනවා,අලන්කාර දර්ශනයක් බවට පත්විය
කලේ පැන් ඇත,සුනිල් එදිරිසිංහ,unknown,unknown,"['Rohana Weerasinghe', 'Sunil Edirisinghe', 'K.D.K. Dharmawardena']","කලේ පැන් ඇත නැවුම් රහ නැත
මොකද මන්දා ලිඳට වූයේ
පුළුස්සගත් රොටි‍ය කරවී
මොකද මන්දා ලිපට වූයේ
හදාගත් ලුණු මිරිස රහ නැත
මොකද මන්දා දිවට වූයේ..

සැලේ ගහකොළ සුළඟ ඇත එද
සිහිළ කොයි අත ගියාදෝ
කෝල බව මුසු සිනා හඬ නැත
සවන් බිහිරිව ගියාදෝ...

පුරුදු නිවහන නුහුරු වීනම්
කාට මේ ගැන කියන්නෙම්
කාට මේ ගැන කියන්නෙම් මම
බිරින්දෑ නෑ ගම් ගොහින්..",කලේ පැන් ඇත නැවුම් රහ නැත,ගෙදර කලින් සෑදූ කෑම ඇති නමුත් එවා රසවත් නැත
හදේ කොතැනක,සුනිල් එදිරිසිංහ,Top Sinhala Songs VOL. A (Live),2020,"['Rohana Weerasinghe', 'Sunil Edirisinghe']","හදේ කොතැනක හෝ හිඳී ඔබ
නිදා නොනිදා මෙන්
බලා අවසර සොයා කල් දැන
වෙලා හස රැහැනින්
පෙළයි මා, මුදා සුව දැහැනින් //

සයුර ඉම රත් සිතිජ රේඛාවේ
මියෙන හිරු සේ ගිලී ගිම් අඳුරේ
තලා මා සිත පලා ගිය ඔබ
දවයි මා….හද, තනිවෙනා මොහොතින්

හදේ කොතැනක...

උතුම් පිවිතුරු ප්‍රේමයේ නාමෙන්
සහස් සුවහස් පැතුම් බල මහිමෙන්
ඉනූ කඳුලද සිඳෙන්නට පෙර
යදින්නම්…. ඔබ, මැකී යනු මතකෙන්

හදේ කොතැනක…",මියෙන හිරු සේ ගිලී ගිම් අඳුරේ,ඉක්මනින් නැතිවී යන යහපත් දෙවල්
ගඟට කපන ඉනි,සුනිල් එදිරිසිංහ,Top Sinhala Songs Vol. 13,2020,"['Rohana Weerasinghe', 'Sunil Edirisinghe']","ගඟට කපන ඉනි ගඟ දිය රැගෙන යතී 
සැපට වැඩුණු කය පොලවට දිරා යතී 
අපට නොවේ බඹුටත් මරු ලඟාවෙතී 
පිනට දුන්නු දේ පමණක්  ඉතුරු වෙතී 

මලේ සුවඳ නැතිවෙයි පෙති හැලුනාම 
ගතේ රුසිරු නැතිවෙයි රැලි වැටුනාම 
ගඟේ මහිම නැතිවෙයි දිය සිඳුනාම 
දුන්දේ සුවඳ පවතී ලොව හැමදාම 

කෑමෙන් හොඳ කෑම සපයා ගෙන කෑම 
බීමෙන් හොඳ බීම මවුගේ කිරි බීම 
දීමෙන් හොඳ දීම දුගියට දන් දීම 
යෑමෙන් හොඳ යෑම නිර්වානෙට යෑම 

කන බොන කෑම තනියම වළඳන්න එපා 
අසරණ කෙනෙකු ආවිට එලවන්න එපා 
අනුවන කමෙන් පවු සිදු කරගන්න එපා 
නොමැරෙන කෙනෙකු ලෙස ජීවත් වෙන්න එපා",ගඟට කපන ඉනි ගඟ දිය රැගෙන යතී,ප්‍රයෝජනයක් නැති වැඩ කිරීමෙ ඵලයක් නැත. එවා ඉක්මනින් නැතිවෙයි
ඉරට උඩින්,සුනිල් එදිරිසිංහ,unknown,unknown,"['Rohana Weerasinghe', 'Sunil Edirisinghe']","ඉරට උඩින් සිංදු කියන මාල ගිරව් රෑන
මිඳුල පුරා හිනැහෙනවා කිරි සුදු හඳපාන
ඇස් දෙක පියවෙන ගානේ පෙනෙයි මිහිරි හීන
මේ ඔක්කොම නුඹ හින්දයි මට සෙනෙහස පාන

පාන්දරින් මලිති බටිති සිංදු ඇහෙන කොට
නාන මංකඩේ කෙකටිය කැකුලු පිපෙන කොට
හීන්සීරුවේ ගොම්මන් අඳුර වැටෙන කොට
වාන් දමන හිතේ සතුට කියන්න බෑ මට

වංකගිරියෙ රටා පැදුර පිලේ එලාගෙන
වැවට උඩින් පායන හඳ දිහා බලාගෙන
හීන් හඬින් රහස් කියන දෑස් පියාගෙන
එන්න දවස එනතුරු මං ඉන්නෙ බලාගෙන",නාන මංකඩේ කෙකටිය කැකුලු පිපෙන කොට,කලාතුරකින් සිදුවන දෙයක් ගැන මග බලා සිටීම
